id,project_key,type,timestamp,page_url,page_path,page_title,page_host,user_ip,user_agent,user_language,user_platform,screen_width,screen_height,viewport_width,viewport_height,referrer,event_data,created_at,visitor_id,session_id,entry_page,source,search_keyword,visit_duration,page_count,region

1,5aaf8d7e700934e77a32ea72267e0ee9,pageview,2026-01-03T04:39:00.615Z,http://127.0.0.1:5500/plugin/example.html,/plugin/example.html,监控插件测试页面,127.0.0.1:5500,,"Mozilla/5.0 (Macintosh; Intel Mac OS X 10_15_7) AppleWebKit/605.1.15 (KHTML, like Gecko) Version/26.1 Safari/605.1.15",zh-CN,MacIntel,1440,900,1440,779,,"{""performance"":{""dnsTime"":0,""tcpTime"":0,""requestTime"":5,""responseTime"":0,""domReadyTime"":16,""loadTime"":-1767415140558,""redirectTime"":0,""type"":0}}",2026-01-03T04:39:05.639Z,,,,,,,
2,5aaf8d7e700934e77a32ea72267e0ee9,pageview,2026-01-03T04:39:05.857Z,http://127.0.0.1:5500/plugin/example.html,/plugin/example.html,监控插件测试页面,127.0.0.1:5500,,"Mozilla/5.0 (Macintosh; Intel Mac OS X 10_15_7) AppleWebKit/605.1.15 (KHTML, like Gecko) Version/26.1 Safari/605.1.15",zh-CN,MacIntel,1440,900,1440,779,http://127.0.0.1:5500/plugin/example.html,"{""performance"":{""dnsTime"":0,""tcpTime"":0,""requestTime"":2,""responseTime"":0,""domReadyTime"":9,""loadTime"":-1767415145841,""redirectTime"":0,""type"":1}}",2026-01-03T04:39:10.873Z,,,,,,,
3,5aaf8d7e700934e77a32ea72267e0ee9,pageview,2026-01-03T04:39:11.059Z,http://127.0.0.1:5500/plugin/example.html,/plugin/example.html,监控插件测试页面,127.0.0.1:5500,,"Mozilla/5.0 (Macintosh; Intel Mac OS X 10_15_7) AppleWebKit/605.1.15 (KHTML, like Gecko) Version/26.1 Safari/605.1.15",zh-CN,MacIntel,1440,900,1440,779,http://127.0.0.1:5500/plugin/example.html,"{""performance"":{""dnsTime"":0,""tcpTime"":0,""requestTime"":2,""responseTime"":0,""domReadyTime"":14,""loadTime"":-1767415151036,""redirectTime"":0,""type"":1}}",2026-01-03T04:39:16.069Z,,,,,,,
4,5aaf8d7e700934e77a32ea72267e0ee9,pageview,2026-01-03T04:39:16.257Z,http://127.0.0.1:5500/plugin/example.html,/plugin/example.html,监控插件测试页面,127.0.0.1:5500,,"Mozilla/5.0 (Macintosh; Intel Mac OS X 10_15_7) AppleWebKit/605.1.15 (KHTML, like Gecko) Version/26.1 Safari/605.1.15",zh-CN,MacIntel,1440,900,1440,779,http://127.0.0.1:5500/plugin/example.html,"{""performance"":{""dnsTime"":0,""tcpTime"":0,""requestTime"":2,""responseTime"":0,""domReadyTime"":10,""loadTime"":-1767415156238,""redirectTime"":0,""type"":1}}",2026-01-03T04:39:21.274Z,,,,,,,
5,5aaf8d7e700934e77a32ea72267e0ee9,pageview,2026-01-03T04:39:21.435Z,http://127.0.0.1:5500/plugin/example.html,/plugin/example.html,监控插件测试页面,127.0.0.1:5500,,"Mozilla/5.0 (Macintosh; Intel Mac OS X 10_15_7) AppleWebKit/605.1.15 (KHTML, like Gecko) Version/26.1 Safari/605.1.15",zh-CN,MacIntel,1440,900,1440,779,http://127.0.0.1:5500/plugin/example.html,"{""performance"":{""dnsTime"":0,""tcpTime"":0,""requestTime"":2,""responseTime"":0,""domReadyTime"":10,""loadTime"":-1767415161418,""redirectTime"":0,""type"":1}}",2026-01-03T04:39:26.448Z,,,,,,,
6,5aaf8d7e700934e77a32ea72267e0ee9,pageview,2026-01-03T04:39:26.625Z,http://127.0.0.1:5500/plugin/example.html,/plugin/example.html,监控插件测试页面,127.0.0.1:5500,,"Mozilla/5.0 (Macintosh; Intel Mac OS X 10_15_7) AppleWebKit/605.1.15 (KHTML, like Gecko) Version/26.1 Safari/605.1.15",zh-CN,MacIntel,1440,900,1440,779,http://127.0.0.1:5500/plugin/example.html,"{""performance"":{""dnsTime"":0,""tcpTime"":0,""requestTime"":2,""responseTime"":0,""domReadyTime"":8,""loadTime"":-1767415166612,""redirectTime"":0,""type"":1}}",2026-01-03T04:39:27.519Z,,,,,,,
7,5aaf8d7e700934e77a32ea72267e0ee9,pageview,2026-01-03T04:39:27.766Z,http://127.0.0.1:5500/plugin/example.html,/plugin/example.html,监控插件测试页面,127.0.0.1:5500,45.207.157.233,"Mozilla/5.0 (Macintosh; Intel Mac OS X 10_15_7) AppleWebKit/605.1.15 (KHTML, like Gecko) Version/26.1 Safari/605.1.15",zh-CN,MacIntel,1440,900,1440,779,http://127.0.0.1:5500/plugin/example.html,"{""performance"":{""dnsTime"":0,""tcpTime"":0,""requestTime"":7,""responseTime"":0,""domReadyTime"":12,""loadTime"":-1767415167750,""redirectTime"":0,""type"":1}}",2026-01-03T04:39:32.871Z,,,,,,,
8,5aaf8d7e700934e77a32ea72267e0ee9,pageview,2026-01-03T04:39:33.037Z,http://127.0.0.1:5500/plugin/example.html,/plugin/example.html,监控插件测试页面,127.0.0.1:5500,45.207.157.233,"Mozilla/5.0 (Macintosh; Intel Mac OS X 10_15_7) AppleWebKit/605.1.15 (KHTML, like Gecko) Version/26.1 Safari/605.1.15",zh-CN,MacIntel,1440,900,1440,779,http://127.0.0.1:5500/plugin/example.html,"{""performance"":{""dnsTime"":0,""tcpTime"":0,""requestTime"":2,""responseTime"":0,""domReadyTime"":10,""loadTime"":-1767415173019,""redirectTime"":0,""type"":1}}",2026-01-03T04:39:38.096Z,,,,,,,
9,5aaf8d7e700934e77a32ea72267e0ee9,pageview,2026-01-03T04:39:38.271Z,http://127.0.0.1:5500/plugin/example.html,/plugin/example.html,监控插件测试页面,127.0.0.1:5500,45.207.157.233,"Mozilla/5.0 (Macintosh; Intel Mac OS X 10_15_7) AppleWebKit/605.1.15 (KHTML, like Gecko) Version/26.1 Safari/605.1.15",zh-CN,MacIntel,1440,900,1440,779,http://127.0.0.1:5500/plugin/example.html,"{""performance"":{""dnsTime"":0,""tcpTime"":0,""requestTime"":2,""responseTime"":0,""domReadyTime"":11,""loadTime"":-1767415178252,""redirectTime"":0,""type"":1}}",2026-01-03T04:39:39.746Z,,,,,,,
10,0346c20e5580a8d83b0372089bbfdd8d,pageview,2026-01-03T04:39:39.761Z,http://127.0.0.1:5500/plugin/example.html,/plugin/example.html,监控插件测试页面,127.0.0.1:5500,,"Mozilla/5.0 (Macintosh; Intel Mac OS X 10_15_7) AppleWebKit/605.1.15 (KHTML, like Gecko) Version/26.1 Safari/605.1.15",zh-CN,MacIntel,1440,900,1440,779,http://127.0.0.1:5500/plugin/example.html,"{""performance"":{""dnsTime"":0,""tcpTime"":0,""requestTime"":2,""responseTime"":0,""domReadyTime"":12,""loadTime"":-1767415179741,""redirectTime"":0,""type"":1}}",2026-01-03T04:39:39.949Z,,,,,,,
11,0346c20e5580a8d83b0372089bbfdd8d,pageview,2026-01-03T04:39:40.059Z,http://127.0.0.1:5500/plugin/example.html,/plugin/example.html,监控插件测试页面,127.0.0.1:5500,,"Mozilla/5.0 (Macintosh; Intel Mac OS X 10_15_7) AppleWebKit/605.1.15 (KHTML, like Gecko) Version/26.1 Safari/605.1.15",zh-CN,MacIntel,1440,900,1440,779,http://127.0.0.1:5500/plugin/example.html,"{""performance"":{""dnsTime"":0,""tcpTime"":0,""requestTime"":1,""responseTime"":0,""domReadyTime"":15,""loadTime"":-1767415179944,""redirectTime"":0,""type"":1}}",2026-01-03T04:39:40.200Z,,,,,,,
12,0346c20e5580a8d83b0372089bbfdd8d,pageview,2026-01-03T04:39:40.210Z,http://127.0.0.1:5500/plugin/example.html,/plugin/example.html,监控插件测试页面,127.0.0.1:5500,,"Mozilla/5.0 (Macintosh; Intel Mac OS X 10_15_7) AppleWebKit/605.1.15 (KHTML, like Gecko) Version/26.1 Safari/605.1.15",zh-CN,MacIntel,1440,900,1440,779,http://127.0.0.1:5500/plugin/example.html,"{""performance"":{""dnsTime"":0,""tcpTime"":0,""requestTime"":0,""responseTime"":0,""domReadyTime"":6,""loadTime"":-1767415180198,""redirectTime"":0,""type"":1}}",2026-01-03T04:39:40.352Z,,,,,,,
13,0346c20e5580a8d83b0372089bbfdd8d,pageview,2026-01-03T04:39:40.410Z,http://127.0.0.1:5500/plugin/example.html,/plugin/example.html,监控插件测试页面,127.0.0.1:5500,,"Mozilla/5.0 (Macintosh; Intel Mac OS X 10_15_7) AppleWebKit/605.1.15 (KHTML, like Gecko) Version/26.1 Safari/605.1.15",zh-CN,MacIntel,1440,900,1440,779,http://127.0.0.1:5500/plugin/example.html,"{""performance"":{""dnsTime"":0,""tcpTime"":0,""requestTime"":1,""responseTime"":0,""domReadyTime"":8,""loadTime"":-1767415180349,""redirectTime"":0,""type"":1}}",2026-01-03T04:39:40.559Z,,,,,,,
14,0346c20e5580a8d83b0372089bbfdd8d,pageview,2026-01-03T04:39:40.573Z,http://127.0.0.1:5500/plugin/example.html,/plugin/example.html,监控插件测试页面,127.0.0.1:5500,,"Mozilla/5.0 (Macintosh; Intel Mac OS X 10_15_7) AppleWebKit/605.1.15 (KHTML, like Gecko) Version/26.1 Safari/605.1.15",zh-CN,MacIntel,1440,900,1440,779,http://127.0.0.1:5500/plugin/example.html,"{""performance"":{""dnsTime"":0,""tcpTime"":0,""requestTime"":2,""responseTime"":0,""domReadyTime"":10,""loadTime"":-1767415180554,""redirectTime"":0,""type"":1}}",2026-01-03T04:39:40.763Z,,,,,,,
15,0346c20e5580a8d83b0372089bbfdd8d,pageview,2026-01-03T04:39:40.777Z,http://127.0.0.1:5500/plugin/example.html,/plugin/example.html,监控插件测试页面,127.0.0.1:5500,,"Mozilla/5.0 (Macintosh; Intel Mac OS X 10_15_7) AppleWebKit/605.1.15 (KHTML, like Gecko) Version/26.1 Safari/605.1.15",zh-CN,MacIntel,1440,900,1440,779,http://127.0.0.1:5500/plugin/example.html,"{""performance"":{""dnsTime"":0,""tcpTime"":0,""requestTime"":1,""responseTime"":0,""domReadyTime"":10,""loadTime"":-1767415180758,""redirectTime"":0,""type"":1}}",2026-01-03T04:39:40.962Z,,,,,,,
16,0346c20e5580a8d83b0372089bbfdd8d,pageview,2026-01-03T04:39:40.975Z,http://127.0.0.1:5500/plugin/example.html,/plugin/example.html,监控插件测试页面,127.0.0.1:5500,,"Mozilla/5.0 (Macintosh; Intel Mac OS X 10_15_7) AppleWebKit/605.1.15 (KHTML, like Gecko) Version/26.1 Safari/605.1.15",zh-CN,MacIntel,1440,900,1440,779,http://127.0.0.1:5500/plugin/example.html,"{""performance"":{""dnsTime"":0,""tcpTime"":0,""requestTime"":2,""responseTime"":0,""domReadyTime"":10,""loadTime"":-1767415180958,""redirectTime"":0,""type"":1}}",2026-01-03T04:39:41.170Z,,,,,,,
17,0346c20e5580a8d83b0372089bbfdd8d,pageview,2026-01-03T04:39:41.277Z,http://127.0.0.1:5500/plugin/example.html,/plugin/example.html,监控插件测试页面,127.0.0.1:5500,,"Mozilla/5.0 (Macintosh; Intel Mac OS X 10_15_7) AppleWebKit/605.1.15 (KHTML, like Gecko) Version/26.1 Safari/605.1.15",zh-CN,MacIntel,1440,900,1440,779,http://127.0.0.1:5500/plugin/example.html,"{""performance"":{""dnsTime"":0,""tcpTime"":0,""requestTime"":2,""responseTime"":0,""domReadyTime"":12,""loadTime"":-1767415181164,""redirectTime"":0,""type"":1}}",2026-01-03T04:39:41.420Z,,,,,,,
18,0346c20e5580a8d83b0372089bbfdd8d,pageview,2026-01-03T04:39:41.429Z,http://127.0.0.1:5500/plugin/example.html,/plugin/example.html,监控插件测试页面,127.0.0.1:5500,,"Mozilla/5.0 (Macintosh; Intel Mac OS X 10_15_7) AppleWebKit/605.1.15 (KHTML, like Gecko) Version/26.1 Safari/605.1.15",zh-CN,MacIntel,1440,900,1440,779,http://127.0.0.1:5500/plugin/example.html,"{""performance"":{""dnsTime"":0,""tcpTime"":0,""requestTime"":1,""responseTime"":0,""domReadyTime"":8,""loadTime"":-1767415181412,""redirectTime"":0,""type"":1}}",2026-01-03T04:39:41.574Z,,,,,,,
19,0346c20e5580a8d83b0372089bbfdd8d,pageview,2026-01-03T04:39:41.582Z,http://127.0.0.1:5500/plugin/example.html,/plugin/example.html,监控插件测试页面,127.0.0.1:5500,,"Mozilla/5.0 (Macintosh; Intel Mac OS X 10_15_7) AppleWebKit/605.1.15 (KHTML, like Gecko) Version/26.1 Safari/605.1.15",zh-CN,MacIntel,1440,900,1440,779,http://127.0.0.1:5500/plugin/example.html,"{""performance"":{""dnsTime"":0,""tcpTime"":0,""requestTime"":1,""responseTime"":0,""domReadyTime"":6,""loadTime"":-1767415181571,""redirectTime"":0,""type"":1}}",2026-01-03T04:39:41.784Z,,,,,,,
20,0346c20e5580a8d83b0372089bbfdd8d,pageview,2026-01-03T04:39:41.792Z,http://127.0.0.1:5500/plugin/example.html,/plugin/example.html,监控插件测试页面,127.0.0.1:5500,,"Mozilla/5.0 (Macintosh; Intel Mac OS X 10_15_7) AppleWebKit/605.1.15 (KHTML, like Gecko) Version/26.1 Safari/605.1.15",zh-CN,MacIntel,1440,900,1440,779,http://127.0.0.1:5500/plugin/example.html,"{""performance"":{""dnsTime"":0,""tcpTime"":0,""requestTime"":1,""responseTime"":0,""domReadyTime"":6,""loadTime"":-1767415181781,""redirectTime"":0,""type"":1}}",2026-01-03T04:39:41.857Z,,,,,,,
21,0346c20e5580a8d83b0372089bbfdd8d,pageview,2026-01-03T04:39:41.866Z,http://127.0.0.1:5500/plugin/example.html,/plugin/example.html,监控插件测试页面,127.0.0.1:5500,,"Mozilla/5.0 (Macintosh; Intel Mac OS X 10_15_7) AppleWebKit/605.1.15 (KHTML, like Gecko) Version/26.1 Safari/605.1.15",zh-CN,MacIntel,1440,900,1440,779,http://127.0.0.1:5500/plugin/example.html,"{""performance"":{""dnsTime"":0,""tcpTime"":0,""requestTime"":1,""responseTime"":0,""domReadyTime"":6,""loadTime"":-1767415181854,""redirectTime"":0,""type"":1}}",2026-01-03T04:39:41.986Z,,,,,,,
22,0346c20e5580a8d83b0372089bbfdd8d,pageview,2026-01-03T04:39:41.993Z,http://127.0.0.1:5500/plugin/example.html,/plugin/example.html,监控插件测试页面,127.0.0.1:5500,,"Mozilla/5.0 (Macintosh; Intel Mac OS X 10_15_7) AppleWebKit/605.1.15 (KHTML, like Gecko) Version/26.1 Safari/605.1.15",zh-CN,MacIntel,1440,900,1440,779,http://127.0.0.1:5500/plugin/example.html,"{""performance"":{""dnsTime"":0,""tcpTime"":0,""requestTime"":1,""responseTime"":0,""domReadyTime"":7,""loadTime"":-1767415181982,""redirectTime"":0,""type"":1}}",2026-01-03T04:39:42.191Z,,,,,,,
23,0346c20e5580a8d83b0372089bbfdd8d,pageview,2026-01-03T04:39:42.201Z,http://127.0.0.1:5500/plugin/example.html,/plugin/example.html,监控插件测试页面,127.0.0.1:5500,,"Mozilla/5.0 (Macintosh; Intel Mac OS X 10_15_7) AppleWebKit/605.1.15 (KHTML, like Gecko) Version/26.1 Safari/605.1.15",zh-CN,MacIntel,1440,900,1440,779,http://127.0.0.1:5500/plugin/example.html,"{""performance"":{""dnsTime"":0,""tcpTime"":0,""requestTime"":2,""responseTime"":0,""domReadyTime"":9,""loadTime"":-1767415182186,""redirectTime"":0,""type"":1}}",2026-01-03T04:39:42.397Z,,,,,,,
24,0346c20e5580a8d83b0372089bbfdd8d,pageview,2026-01-03T04:39:42.410Z,http://127.0.0.1:5500/plugin/example.html,/plugin/example.html,监控插件测试页面,127.0.0.1:5500,,"Mozilla/5.0 (Macintosh; Intel Mac OS X 10_15_7) AppleWebKit/605.1.15 (KHTML, like Gecko) Version/26.1 Safari/605.1.15",zh-CN,MacIntel,1440,900,1440,779,http://127.0.0.1:5500/plugin/example.html,"{""performance"":{""dnsTime"":0,""tcpTime"":0,""requestTime"":2,""responseTime"":0,""domReadyTime"":12,""loadTime"":-1767415182390,""redirectTime"":0,""type"":1}}",2026-01-03T04:39:42.599Z,,,,,,,
25,0346c20e5580a8d83b0372089bbfdd8d,pageview,2026-01-03T04:39:42.610Z,http://127.0.0.1:5500/plugin/example.html,/plugin/example.html,监控插件测试页面,127.0.0.1:5500,,"Mozilla/5.0 (Macintosh; Intel Mac OS X 10_15_7) AppleWebKit/605.1.15 (KHTML, like Gecko) Version/26.1 Safari/605.1.15",zh-CN,MacIntel,1440,900,1440,779,http://127.0.0.1:5500/plugin/example.html,"{""performance"":{""dnsTime"":0,""tcpTime"":0,""requestTime"":2,""responseTime"":0,""domReadyTime"":9,""loadTime"":-1767415182594,""redirectTime"":0,""type"":1}}",2026-01-03T04:39:42.798Z,,,,,,,
26,0346c20e5580a8d83b0372089bbfdd8d,pageview,2026-01-03T04:39:42.806Z,http://127.0.0.1:5500/plugin/example.html,/plugin/example.html,监控插件测试页面,127.0.0.1:5500,,"Mozilla/5.0 (Macintosh; Intel Mac OS X 10_15_7) AppleWebKit/605.1.15 (KHTML, like Gecko) Version/26.1 Safari/605.1.15",zh-CN,MacIntel,1440,900,1440,779,http://127.0.0.1:5500/plugin/example.html,"{""performance"":{""dnsTime"":0,""tcpTime"":0,""requestTime"":1,""responseTime"":0,""domReadyTime"":6,""loadTime"":-1767415182795,""redirectTime"":0,""type"":1}}",2026-01-03T04:39:43.002Z,,,,,,,
27,0346c20e5580a8d83b0372089bbfdd8d,pageview,2026-01-03T04:39:43.012Z,http://127.0.0.1:5500/plugin/example.html,/plugin/example.html,监控插件测试页面,127.0.0.1:5500,45.207.157.233,"Mozilla/5.0 (Macintosh; Intel Mac OS X 10_15_7) AppleWebKit/605.1.15 (KHTML, like Gecko) Version/26.1 Safari/605.1.15",zh-CN,MacIntel,1440,900,1440,779,http://127.0.0.1:5500/plugin/example.html,"{""performance"":{""dnsTime"":0,""tcpTime"":0,""requestTime"":1,""responseTime"":0,""domReadyTime"":8,""loadTime"":-1767415182998,""redirectTime"":0,""type"":1}}",2026-01-03T04:39:44.557Z,,,,,,,
28,0346c20e5580a8d83b0372089bbfdd8d,click,2026-01-03T04:39:43.181Z,http://127.0.0.1:5500/plugin/example.html,/plugin/example.html,监控插件测试页面,127.0.0.1:5500,45.207.157.233,"Mozilla/5.0 (Macintosh; Intel Mac OS X 10_15_7) AppleWebKit/605.1.15 (KHTML, like Gecko) Version/26.1 Safari/605.1.15",zh-CN,MacIntel,1440,900,1440,779,http://127.0.0.1:5500/plugin/example.html,"{""element"":""BUTTON"",""id"":"""",""className"":"""",""text"":""测试点击事件"",""x"":414,""y"":286}",2026-01-03T04:39:44.557Z,,,,,,,
29,0346c20e5580a8d83b0372089bbfdd8d,pageview,2026-01-03T04:39:44.567Z,http://127.0.0.1:5500/plugin/example.html,/plugin/example.html,监控插件测试页面,127.0.0.1:5500,,"Mozilla/5.0 (Macintosh; Intel Mac OS X 10_15_7) AppleWebKit/605.1.15 (KHTML, like Gecko) Version/26.1 Safari/605.1.15",zh-CN,MacIntel,1440,900,1440,779,http://127.0.0.1:5500/plugin/example.html,"{""performance"":{""dnsTime"":0,""tcpTime"":0,""requestTime"":1,""responseTime"":0,""domReadyTime"":8,""loadTime"":-1767415184551,""redirectTime"":0,""type"":1}}",2026-01-03T04:39:44.735Z,,,,,,,
30,0346c20e5580a8d83b0372089bbfdd8d,pageview,2026-01-03T04:39:44.745Z,http://127.0.0.1:5500/plugin/example.html,/plugin/example.html,监控插件测试页面,127.0.0.1:5500,,"Mozilla/5.0 (Macintosh; Intel Mac OS X 10_15_7) AppleWebKit/605.1.15 (KHTML, like Gecko) Version/26.1 Safari/605.1.15",zh-CN,MacIntel,1440,900,1440,779,http://127.0.0.1:5500/plugin/example.html,"{""performance"":{""dnsTime"":0,""tcpTime"":0,""requestTime"":1,""responseTime"":0,""domReadyTime"":9,""loadTime"":-1767415184730,""redirectTime"":0,""type"":1}}",2026-01-03T04:39:44.936Z,,,,,,,
31,0346c20e5580a8d83b0372089bbfdd8d,pageview,2026-01-03T04:39:44.946Z,http://127.0.0.1:5500/plugin/example.html,/plugin/example.html,监控插件测试页面,127.0.0.1:5500,,"Mozilla/5.0 (Macintosh; Intel Mac OS X 10_15_7) AppleWebKit/605.1.15 (KHTML, like Gecko) Version/26.1 Safari/605.1.15",zh-CN,MacIntel,1440,900,1440,779,http://127.0.0.1:5500/plugin/example.html,"{""performance"":{""dnsTime"":0,""tcpTime"":0,""requestTime"":1,""responseTime"":0,""domReadyTime"":8,""loadTime"":-1767415184932,""redirectTime"":0,""type"":1}}",2026-01-03T04:39:45.141Z,,,,,,,
32,0346c20e5580a8d83b0372089bbfdd8d,pageview,2026-01-03T04:39:45.151Z,http://127.0.0.1:5500/plugin/example.html,/plugin/example.html,监控插件测试页面,127.0.0.1:5500,,"Mozilla/5.0 (Macintosh; Intel Mac OS X 10_15_7) AppleWebKit/605.1.15 (KHTML, like Gecko) Version/26.1 Safari/605.1.15",zh-CN,MacIntel,1440,900,1440,779,http://127.0.0.1:5500/plugin/example.html,"{""performance"":{""dnsTime"":0,""tcpTime"":0,""requestTime"":2,""responseTime"":0,""domReadyTime"":9,""loadTime"":-1767415185136,""redirectTime"":0,""type"":1}}",2026-01-03T04:39:45.344Z,,,,,,,
33,0346c20e5580a8d83b0372089bbfdd8d,pageview,2026-01-03T04:39:45.355Z,http://127.0.0.1:5500/plugin/example.html,/plugin/example.html,监控插件测试页面,127.0.0.1:5500,,"Mozilla/5.0 (Macintosh; Intel Mac OS X 10_15_7) AppleWebKit/605.1.15 (KHTML, like Gecko) Version/26.1 Safari/605.1.15",zh-CN,MacIntel,1440,900,1440,779,http://127.0.0.1:5500/plugin/example.html,"{""performance"":{""dnsTime"":0,""tcpTime"":0,""requestTime"":1,""responseTime"":0,""domReadyTime"":9,""loadTime"":-1767415185340,""redirectTime"":0,""type"":1}}",2026-01-03T04:39:45.551Z,,,,,,,
34,0346c20e5580a8d83b0372089bbfdd8d,pageview,2026-01-03T04:39:45.561Z,http://127.0.0.1:5500/plugin/example.html,/plugin/example.html,监控插件测试页面,127.0.0.1:5500,,"Mozilla/5.0 (Macintosh; Intel Mac OS X 10_15_7) AppleWebKit/605.1.15 (KHTML, like Gecko) Version/26.1 Safari/605.1.15",zh-CN,MacIntel,1440,900,1440,779,http://127.0.0.1:5500/plugin/example.html,"{""performance"":{""dnsTime"":0,""tcpTime"":0,""requestTime"":1,""responseTime"":0,""domReadyTime"":9,""loadTime"":-1767415185545,""redirectTime"":0,""type"":1}}",2026-01-03T04:39:45.753Z,,,,,,,
35,0346c20e5580a8d83b0372089bbfdd8d,pageview,2026-01-03T04:39:45.765Z,http://127.0.0.1:5500/plugin/example.html,/plugin/example.html,监控插件测试页面,127.0.0.1:5500,,"Mozilla/5.0 (Macintosh; Intel Mac OS X 10_15_7) AppleWebKit/605.1.15 (KHTML, like Gecko) Version/26.1 Safari/605.1.15",zh-CN,MacIntel,1440,900,1440,779,http://127.0.0.1:5500/plugin/example.html,"{""performance"":{""dnsTime"":0,""tcpTime"":0,""requestTime"":2,""responseTime"":0,""domReadyTime"":9,""loadTime"":-1767415185747,""redirectTime"":0,""type"":1}}",2026-01-03T04:39:45.961Z,,,,,,,
36,0346c20e5580a8d83b0372089bbfdd8d,pageview,2026-01-03T04:39:45.972Z,http://127.0.0.1:5500/plugin/example.html,/plugin/example.html,监控插件测试页面,127.0.0.1:5500,,"Mozilla/5.0 (Macintosh; Intel Mac OS X 10_15_7) AppleWebKit/605.1.15 (KHTML, like Gecko) Version/26.1 Safari/605.1.15",zh-CN,MacIntel,1440,900,1440,779,http://127.0.0.1:5500/plugin/example.html,"{""performance"":{""dnsTime"":0,""tcpTime"":0,""requestTime"":2,""responseTime"":0,""domReadyTime"":10,""loadTime"":-1767415185956,""redirectTime"":0,""type"":1}}",2026-01-03T04:39:46.162Z,,,,,,,
37,0346c20e5580a8d83b0372089bbfdd8d,pageview,2026-01-03T04:39:46.174Z,http://127.0.0.1:5500/plugin/example.html,/plugin/example.html,监控插件测试页面,127.0.0.1:5500,,"Mozilla/5.0 (Macintosh; Intel Mac OS X 10_15_7) AppleWebKit/605.1.15 (KHTML, like Gecko) Version/26.1 Safari/605.1.15",zh-CN,MacIntel,1440,900,1440,779,http://127.0.0.1:5500/plugin/example.html,"{""performance"":{""dnsTime"":0,""tcpTime"":0,""requestTime"":1,""responseTime"":0,""domReadyTime"":9,""loadTime"":-1767415186158,""redirectTime"":0,""type"":1}}",2026-01-03T04:39:46.362Z,,,,,,,
38,0346c20e5580a8d83b0372089bbfdd8d,pageview,2026-01-03T04:39:46.374Z,http://127.0.0.1:5500/plugin/example.html,/plugin/example.html,监控插件测试页面,127.0.0.1:5500,,"Mozilla/5.0 (Macintosh; Intel Mac OS X 10_15_7) AppleWebKit/605.1.15 (KHTML, like Gecko) Version/26.1 Safari/605.1.15",zh-CN,MacIntel,1440,900,1440,779,http://127.0.0.1:5500/plugin/example.html,"{""performance"":{""dnsTime"":0,""tcpTime"":0,""requestTime"":1,""responseTime"":0,""domReadyTime"":8,""loadTime"":-1767415186358,""redirectTime"":0,""type"":1}}",2026-01-03T04:39:46.566Z,,,,,,,
39,0346c20e5580a8d83b0372089bbfdd8d,pageview,2026-01-03T04:39:46.574Z,http://127.0.0.1:5500/plugin/example.html,/plugin/example.html,监控插件测试页面,127.0.0.1:5500,,"Mozilla/5.0 (Macintosh; Intel Mac OS X 10_15_7) AppleWebKit/605.1.15 (KHTML, like Gecko) Version/26.1 Safari/605.1.15",zh-CN,MacIntel,1440,900,1440,779,http://127.0.0.1:5500/plugin/example.html,"{""performance"":{""dnsTime"":0,""tcpTime"":0,""requestTime"":1,""responseTime"":0,""domReadyTime"":9,""loadTime"":-1767415186561,""redirectTime"":0,""type"":1}}",2026-01-03T04:39:46.771Z,,,,,,,
40,0346c20e5580a8d83b0372089bbfdd8d,pageview,2026-01-03T04:39:46.781Z,http://127.0.0.1:5500/plugin/example.html,/plugin/example.html,监控插件测试页面,127.0.0.1:5500,,"Mozilla/5.0 (Macintosh; Intel Mac OS X 10_15_7) AppleWebKit/605.1.15 (KHTML, like Gecko) Version/26.1 Safari/605.1.15",zh-CN,MacIntel,1440,900,1440,779,http://127.0.0.1:5500/plugin/example.html,"{""performance"":{""dnsTime"":0,""tcpTime"":0,""requestTime"":1,""responseTime"":0,""domReadyTime"":9,""loadTime"":-1767415186766,""redirectTime"":0,""type"":1}}",2026-01-03T04:39:46.974Z,,,,,,,
41,0346c20e5580a8d83b0372089bbfdd8d,pageview,2026-01-03T04:39:46.986Z,http://127.0.0.1:5500/plugin/example.html,/plugin/example.html,监控插件测试页面,127.0.0.1:5500,,"Mozilla/5.0 (Macintosh; Intel Mac OS X 10_15_7) AppleWebKit/605.1.15 (KHTML, like Gecko) Version/26.1 Safari/605.1.15",zh-CN,MacIntel,1440,900,1440,779,http://127.0.0.1:5500/plugin/example.html,"{""performance"":{""dnsTime"":0,""tcpTime"":0,""requestTime"":1,""responseTime"":0,""domReadyTime"":10,""loadTime"":-1767415186969,""redirectTime"":0,""type"":1}}",2026-01-03T04:39:47.177Z,,,,,,,
42,0346c20e5580a8d83b0372089bbfdd8d,pageview,2026-01-03T04:39:47.189Z,http://127.0.0.1:5500/plugin/example.html,/plugin/example.html,监控插件测试页面,127.0.0.1:5500,,"Mozilla/5.0 (Macintosh; Intel Mac OS X 10_15_7) AppleWebKit/605.1.15 (KHTML, like Gecko) Version/26.1 Safari/605.1.15",zh-CN,MacIntel,1440,900,1440,779,http://127.0.0.1:5500/plugin/example.html,"{""performance"":{""dnsTime"":0,""tcpTime"":0,""requestTime"":2,""responseTime"":0,""domReadyTime"":11,""loadTime"":-1767415187171,""redirectTime"":0,""type"":1}}",2026-01-03T04:39:47.285Z,,,,,,,
43,0346c20e5580a8d83b0372089bbfdd8d,pageview,2026-01-03T04:39:47.293Z,http://127.0.0.1:5500/plugin/example.html,/plugin/example.html,监控插件测试页面,127.0.0.1:5500,,"Mozilla/5.0 (Macintosh; Intel Mac OS X 10_15_7) AppleWebKit/605.1.15 (KHTML, like Gecko) Version/26.1 Safari/605.1.15",zh-CN,MacIntel,1440,900,1440,779,http://127.0.0.1:5500/plugin/example.html,"{""performance"":{""dnsTime"":0,""tcpTime"":0,""requestTime"":2,""responseTime"":0,""domReadyTime"":6,""loadTime"":-1767415187282,""redirectTime"":0,""type"":1}}",2026-01-03T04:39:47.478Z,,,,,,,
44,0346c20e5580a8d83b0372089bbfdd8d,pageview,2026-01-03T04:39:47.489Z,http://127.0.0.1:5500/plugin/example.html,/plugin/example.html,监控插件测试页面,127.0.0.1:5500,,"Mozilla/5.0 (Macintosh; Intel Mac OS X 10_15_7) AppleWebKit/605.1.15 (KHTML, like Gecko) Version/26.1 Safari/605.1.15",zh-CN,MacIntel,1440,900,1440,779,http://127.0.0.1:5500/plugin/example.html,"{""performance"":{""dnsTime"":0,""tcpTime"":0,""requestTime"":2,""responseTime"":0,""domReadyTime"":8,""loadTime"":-1767415187474,""redirectTime"":0,""type"":1}}",2026-01-03T04:39:47.687Z,,,,,,,
45,0346c20e5580a8d83b0372089bbfdd8d,pageview,2026-01-03T04:39:47.699Z,http://127.0.0.1:5500/plugin/example.html,/plugin/example.html,监控插件测试页面,127.0.0.1:5500,,"Mozilla/5.0 (Macintosh; Intel Mac OS X 10_15_7) AppleWebKit/605.1.15 (KHTML, like Gecko) Version/26.1 Safari/605.1.15",zh-CN,MacIntel,1440,900,1440,779,http://127.0.0.1:5500/plugin/example.html,"{""performance"":{""dnsTime"":0,""tcpTime"":0,""requestTime"":2,""responseTime"":0,""domReadyTime"":9,""loadTime"":-1767415187682,""redirectTime"":0,""type"":1}}",2026-01-03T04:39:47.892Z,,,,,,,
46,0346c20e5580a8d83b0372089bbfdd8d,pageview,2026-01-03T04:39:47.906Z,http://127.0.0.1:5500/plugin/example.html,/plugin/example.html,监控插件测试页面,127.0.0.1:5500,,"Mozilla/5.0 (Macintosh; Intel Mac OS X 10_15_7) AppleWebKit/605.1.15 (KHTML, like Gecko) Version/26.1 Safari/605.1.15",zh-CN,MacIntel,1440,900,1440,779,http://127.0.0.1:5500/plugin/example.html,"{""performance"":{""dnsTime"":0,""tcpTime"":0,""requestTime"":3,""responseTime"":0,""domReadyTime"":12,""loadTime"":-1767415187885,""redirectTime"":0,""type"":1}}",2026-01-03T04:39:48.095Z,,,,,,,
47,0346c20e5580a8d83b0372089bbfdd8d,pageview,2026-01-03T04:39:48.106Z,http://127.0.0.1:5500/plugin/example.html,/plugin/example.html,监控插件测试页面,127.0.0.1:5500,,"Mozilla/5.0 (Macintosh; Intel Mac OS X 10_15_7) AppleWebKit/605.1.15 (KHTML, like Gecko) Version/26.1 Safari/605.1.15",zh-CN,MacIntel,1440,900,1440,779,http://127.0.0.1:5500/plugin/example.html,"{""performance"":{""dnsTime"":0,""tcpTime"":0,""requestTime"":2,""responseTime"":0,""domReadyTime"":9,""loadTime"":-1767415188090,""redirectTime"":0,""type"":1}}",2026-01-03T04:39:48.297Z,,,,,,,
48,0346c20e5580a8d83b0372089bbfdd8d,pageview,2026-01-03T04:39:48.309Z,http://127.0.0.1:5500/plugin/example.html,/plugin/example.html,监控插件测试页面,127.0.0.1:5500,,"Mozilla/5.0 (Macintosh; Intel Mac OS X 10_15_7) AppleWebKit/605.1.15 (KHTML, like Gecko) Version/26.1 Safari/605.1.15",zh-CN,MacIntel,1440,900,1440,779,http://127.0.0.1:5500/plugin/example.html,"{""performance"":{""dnsTime"":0,""tcpTime"":0,""requestTime"":1,""responseTime"":0,""domReadyTime"":10,""loadTime"":-1767415188292,""redirectTime"":0,""type"":1}}",2026-01-03T04:39:48.502Z,,,,,,,
49,0346c20e5580a8d83b0372089bbfdd8d,pageview,2026-01-03T04:39:48.510Z,http://127.0.0.1:5500/plugin/example.html,/plugin/example.html,监控插件测试页面,127.0.0.1:5500,,"Mozilla/5.0 (Macintosh; Intel Mac OS X 10_15_7) AppleWebKit/605.1.15 (KHTML, like Gecko) Version/26.1 Safari/605.1.15",zh-CN,MacIntel,1440,900,1440,779,http://127.0.0.1:5500/plugin/example.html,"{""performance"":{""dnsTime"":0,""tcpTime"":0,""requestTime"":2,""responseTime"":0,""domReadyTime"":8,""loadTime"":-1767415188497,""redirectTime"":0,""type"":1}}",2026-01-03T04:39:48.708Z,,,,,,,
50,0346c20e5580a8d83b0372089bbfdd8d,pageview,2026-01-03T04:39:48.719Z,http://127.0.0.1:5500/plugin/example.html,/plugin/example.html,监控插件测试页面,127.0.0.1:5500,,"Mozilla/5.0 (Macintosh; Intel Mac OS X 10_15_7) AppleWebKit/605.1.15 (KHTML, like Gecko) Version/26.1 Safari/605.1.15",zh-CN,MacIntel,1440,900,1440,779,http://127.0.0.1:5500/plugin/example.html,"{""performance"":{""dnsTime"":0,""tcpTime"":0,""requestTime"":1,""responseTime"":0,""domReadyTime"":10,""loadTime"":-1767415188703,""redirectTime"":0,""type"":1}}",2026-01-03T04:39:48.908Z,,,,,,,
51,0346c20e5580a8d83b0372089bbfdd8d,pageview,2026-01-03T04:39:48.920Z,http://127.0.0.1:5500/plugin/example.html,/plugin/example.html,监控插件测试页面,127.0.0.1:5500,,"Mozilla/5.0 (Macintosh; Intel Mac OS X 10_15_7) AppleWebKit/605.1.15 (KHTML, like Gecko) Version/26.1 Safari/605.1.15",zh-CN,MacIntel,1440,900,1440,779,http://127.0.0.1:5500/plugin/example.html,"{""performance"":{""dnsTime"":0,""tcpTime"":0,""requestTime"":1,""responseTime"":0,""domReadyTime"":9,""loadTime"":-1767415188903,""redirectTime"":0,""type"":1}}",2026-01-03T04:39:49.110Z,,,,,,,
52,0346c20e5580a8d83b0372089bbfdd8d,pageview,2026-01-03T04:39:49.124Z,http://127.0.0.1:5500/plugin/example.html,/plugin/example.html,监控插件测试页面,127.0.0.1:5500,,"Mozilla/5.0 (Macintosh; Intel Mac OS X 10_15_7) AppleWebKit/605.1.15 (KHTML, like Gecko) Version/26.1 Safari/605.1.15",zh-CN,MacIntel,1440,900,1440,779,http://127.0.0.1:5500/plugin/example.html,"{""performance"":{""dnsTime"":0,""tcpTime"":0,""requestTime"":3,""responseTime"":0,""domReadyTime"":11,""loadTime"":-1767415189105,""redirectTime"":0,""type"":1}}",2026-01-03T04:39:49.312Z,,,,,,,
53,0346c20e5580a8d83b0372089bbfdd8d,pageview,2026-01-03T04:39:49.326Z,http://127.0.0.1:5500/plugin/example.html,/plugin/example.html,监控插件测试页面,127.0.0.1:5500,,"Mozilla/5.0 (Macintosh; Intel Mac OS X 10_15_7) AppleWebKit/605.1.15 (KHTML, like Gecko) Version/26.1 Safari/605.1.15",zh-CN,MacIntel,1440,900,1440,779,http://127.0.0.1:5500/plugin/example.html,"{""performance"":{""dnsTime"":0,""tcpTime"":0,""requestTime"":1,""responseTime"":0,""domReadyTime"":9,""loadTime"":-1767415189307,""redirectTime"":0,""type"":1}}",2026-01-03T04:39:49.515Z,,,,,,,
54,0346c20e5580a8d83b0372089bbfdd8d,pageview,2026-01-03T04:39:49.522Z,http://127.0.0.1:5500/plugin/example.html,/plugin/example.html,监控插件测试页面,127.0.0.1:5500,,"Mozilla/5.0 (Macintosh; Intel Mac OS X 10_15_7) AppleWebKit/605.1.15 (KHTML, like Gecko) Version/26.1 Safari/605.1.15",zh-CN,MacIntel,1440,900,1440,779,http://127.0.0.1:5500/plugin/example.html,"{""performance"":{""dnsTime"":0,""tcpTime"":0,""requestTime"":1,""responseTime"":0,""domReadyTime"":6,""loadTime"":-1767415189511,""redirectTime"":0,""type"":1}}",2026-01-03T04:39:49.730Z,,,,,,,
55,0346c20e5580a8d83b0372089bbfdd8d,pageview,2026-01-03T04:39:49.743Z,http://127.0.0.1:5500/plugin/example.html,/plugin/example.html,监控插件测试页面,127.0.0.1:5500,,"Mozilla/5.0 (Macintosh; Intel Mac OS X 10_15_7) AppleWebKit/605.1.15 (KHTML, like Gecko) Version/26.1 Safari/605.1.15",zh-CN,MacIntel,1440,900,1440,779,http://127.0.0.1:5500/plugin/example.html,"{""performance"":{""dnsTime"":0,""tcpTime"":0,""requestTime"":3,""responseTime"":0,""domReadyTime"":12,""loadTime"":-1767415189721,""redirectTime"":0,""type"":1}}",2026-01-03T04:39:49.926Z,,,,,,,
56,0346c20e5580a8d83b0372089bbfdd8d,pageview,2026-01-03T04:39:49.937Z,http://127.0.0.1:5500/plugin/example.html,/plugin/example.html,监控插件测试页面,127.0.0.1:5500,,"Mozilla/5.0 (Macintosh; Intel Mac OS X 10_15_7) AppleWebKit/605.1.15 (KHTML, like Gecko) Version/26.1 Safari/605.1.15",zh-CN,MacIntel,1440,900,1440,779,http://127.0.0.1:5500/plugin/example.html,"{""performance"":{""dnsTime"":0,""tcpTime"":0,""requestTime"":2,""responseTime"":0,""domReadyTime"":9,""loadTime"":-1767415189921,""redirectTime"":0,""type"":1}}",2026-01-03T04:39:50.135Z,,,,,,,
57,0346c20e5580a8d83b0372089bbfdd8d,pageview,2026-01-03T04:39:50.146Z,http://127.0.0.1:5500/plugin/example.html,/plugin/example.html,监控插件测试页面,127.0.0.1:5500,,"Mozilla/5.0 (Macintosh; Intel Mac OS X 10_15_7) AppleWebKit/605.1.15 (KHTML, like Gecko) Version/26.1 Safari/605.1.15",zh-CN,MacIntel,1440,900,1440,779,http://127.0.0.1:5500/plugin/example.html,"{""performance"":{""dnsTime"":0,""tcpTime"":0,""requestTime"":2,""responseTime"":0,""domReadyTime"":10,""loadTime"":-1767415190129,""redirectTime"":0,""type"":1}}",2026-01-03T04:39:50.339Z,,,,,,,
58,0346c20e5580a8d83b0372089bbfdd8d,pageview,2026-01-03T04:39:50.350Z,http://127.0.0.1:5500/plugin/example.html,/plugin/example.html,监控插件测试页面,127.0.0.1:5500,,"Mozilla/5.0 (Macintosh; Intel Mac OS X 10_15_7) AppleWebKit/605.1.15 (KHTML, like Gecko) Version/26.1 Safari/605.1.15",zh-CN,MacIntel,1440,900,1440,779,http://127.0.0.1:5500/plugin/example.html,"{""performance"":{""dnsTime"":0,""tcpTime"":0,""requestTime"":2,""responseTime"":0,""domReadyTime"":9,""loadTime"":-1767415190334,""redirectTime"":0,""type"":1}}",2026-01-03T04:39:50.545Z,,,,,,,
59,0346c20e5580a8d83b0372089bbfdd8d,pageview,2026-01-03T04:39:50.557Z,http://127.0.0.1:5500/plugin/example.html,/plugin/example.html,监控插件测试页面,127.0.0.1:5500,,"Mozilla/5.0 (Macintosh; Intel Mac OS X 10_15_7) AppleWebKit/605.1.15 (KHTML, like Gecko) Version/26.1 Safari/605.1.15",zh-CN,MacIntel,1440,900,1440,779,http://127.0.0.1:5500/plugin/example.html,"{""performance"":{""dnsTime"":0,""tcpTime"":0,""requestTime"":2,""responseTime"":0,""domReadyTime"":10,""loadTime"":-1767415190539,""redirectTime"":0,""type"":1}}",2026-01-03T04:39:50.745Z,,,,,,,
60,0346c20e5580a8d83b0372089bbfdd8d,pageview,2026-01-03T04:39:50.757Z,http://127.0.0.1:5500/plugin/example.html,/plugin/example.html,监控插件测试页面,127.0.0.1:5500,,"Mozilla/5.0 (Macintosh; Intel Mac OS X 10_15_7) AppleWebKit/605.1.15 (KHTML, like Gecko) Version/26.1 Safari/605.1.15",zh-CN,MacIntel,1440,900,1440,779,http://127.0.0.1:5500/plugin/example.html,"{""performance"":{""dnsTime"":0,""tcpTime"":0,""requestTime"":2,""responseTime"":0,""domReadyTime"":12,""loadTime"":-1767415190739,""redirectTime"":0,""type"":1}}",2026-01-03T04:39:50.963Z,,,,,,,
61,0346c20e5580a8d83b0372089bbfdd8d,pageview,2026-01-03T04:39:50.982Z,http://127.0.0.1:5500/plugin/example.html,/plugin/example.html,监控插件测试页面,127.0.0.1:5500,,"Mozilla/5.0 (Macintosh; Intel Mac OS X 10_15_7) AppleWebKit/605.1.15 (KHTML, like Gecko) Version/26.1 Safari/605.1.15",zh-CN,MacIntel,1440,900,1440,779,http://127.0.0.1:5500/plugin/example.html,"{""performance"":{""dnsTime"":0,""tcpTime"":0,""requestTime"":2,""responseTime"":0,""domReadyTime"":10,""loadTime"":-1767415190956,""redirectTime"":0,""type"":1}}",2026-01-03T04:39:51.144Z,,,,,,,
62,0346c20e5580a8d83b0372089bbfdd8d,pageview,2026-01-03T04:39:51.151Z,http://127.0.0.1:5500/plugin/example.html,/plugin/example.html,监控插件测试页面,127.0.0.1:5500,,"Mozilla/5.0 (Macintosh; Intel Mac OS X 10_15_7) AppleWebKit/605.1.15 (KHTML, like Gecko) Version/26.1 Safari/605.1.15",zh-CN,MacIntel,1440,900,1440,779,http://127.0.0.1:5500/plugin/example.html,"{""performance"":{""dnsTime"":0,""tcpTime"":0,""requestTime"":1,""responseTime"":0,""domReadyTime"":6,""loadTime"":-1767415191139,""redirectTime"":0,""type"":1}}",2026-01-03T04:39:51.352Z,,,,,,,
63,0346c20e5580a8d83b0372089bbfdd8d,pageview,2026-01-03T04:39:51.362Z,http://127.0.0.1:5500/plugin/example.html,/plugin/example.html,监控插件测试页面,127.0.0.1:5500,,"Mozilla/5.0 (Macintosh; Intel Mac OS X 10_15_7) AppleWebKit/605.1.15 (KHTML, like Gecko) Version/26.1 Safari/605.1.15",zh-CN,MacIntel,1440,900,940,779,http://127.0.0.1:5500/plugin/example.html,"{""performance"":{""dnsTime"":0,""tcpTime"":0,""requestTime"":1,""responseTime"":0,""domReadyTime"":8,""loadTime"":-1767415191349,""redirectTime"":0,""type"":1}}",2026-01-03T04:39:51.548Z,,,,,,,
64,0346c20e5580a8d83b0372089bbfdd8d,pageview,2026-01-03T04:39:51.560Z,http://127.0.0.1:5500/plugin/example.html,/plugin/example.html,监控插件测试页面,127.0.0.1:5500,,"Mozilla/5.0 (Macintosh; Intel Mac OS X 10_15_7) AppleWebKit/605.1.15 (KHTML, like Gecko) Version/26.1 Safari/605.1.15",zh-CN,MacIntel,1440,900,940,779,http://127.0.0.1:5500/plugin/example.html,"{""performance"":{""dnsTime"":0,""tcpTime"":0,""requestTime"":0,""responseTime"":0,""domReadyTime"":7,""loadTime"":-1767415191545,""redirectTime"":0,""type"":1}}",2026-01-03T04:39:51.750Z,,,,,,,
65,0346c20e5580a8d83b0372089bbfdd8d,pageview,2026-01-03T04:39:51.759Z,http://127.0.0.1:5500/plugin/example.html,/plugin/example.html,监控插件测试页面,127.0.0.1:5500,,"Mozilla/5.0 (Macintosh; Intel Mac OS X 10_15_7) AppleWebKit/605.1.15 (KHTML, like Gecko) Version/26.1 Safari/605.1.15",zh-CN,MacIntel,1440,900,940,779,http://127.0.0.1:5500/plugin/example.html,"{""performance"":{""dnsTime"":0,""tcpTime"":0,""requestTime"":1,""responseTime"":0,""domReadyTime"":7,""loadTime"":-1767415191746,""redirectTime"":0,""type"":1}}",2026-01-03T04:39:51.953Z,,,,,,,
66,0346c20e5580a8d83b0372089bbfdd8d,pageview,2026-01-03T04:39:51.960Z,http://127.0.0.1:5500/plugin/example.html,/plugin/example.html,监控插件测试页面,127.0.0.1:5500,,"Mozilla/5.0 (Macintosh; Intel Mac OS X 10_15_7) AppleWebKit/605.1.15 (KHTML, like Gecko) Version/26.1 Safari/605.1.15",zh-CN,MacIntel,1440,900,940,779,http://127.0.0.1:5500/plugin/example.html,"{""performance"":{""dnsTime"":0,""tcpTime"":0,""requestTime"":2,""responseTime"":0,""domReadyTime"":9,""loadTime"":-1767415191948,""redirectTime"":0,""type"":1}}",2026-01-03T04:39:52.154Z,,,,,,,
67,0346c20e5580a8d83b0372089bbfdd8d,pageview,2026-01-03T04:39:52.164Z,http://127.0.0.1:5500/plugin/example.html,/plugin/example.html,监控插件测试页面,127.0.0.1:5500,,"Mozilla/5.0 (Macintosh; Intel Mac OS X 10_15_7) AppleWebKit/605.1.15 (KHTML, like Gecko) Version/26.1 Safari/605.1.15",zh-CN,MacIntel,1440,900,940,779,http://127.0.0.1:5500/plugin/example.html,"{""performance"":{""dnsTime"":0,""tcpTime"":0,""requestTime"":2,""responseTime"":0,""domReadyTime"":8,""loadTime"":-1767415192151,""redirectTime"":0,""type"":1}}",2026-01-03T04:39:52.360Z,,,,,,,
68,0346c20e5580a8d83b0372089bbfdd8d,pageview,2026-01-03T04:39:52.368Z,http://127.0.0.1:5500/plugin/example.html,/plugin/example.html,监控插件测试页面,127.0.0.1:5500,,"Mozilla/5.0 (Macintosh; Intel Mac OS X 10_15_7) AppleWebKit/605.1.15 (KHTML, like Gecko) Version/26.1 Safari/605.1.15",zh-CN,MacIntel,1440,900,940,779,http://127.0.0.1:5500/plugin/example.html,"{""performance"":{""dnsTime"":0,""tcpTime"":0,""requestTime"":2,""responseTime"":0,""domReadyTime"":7,""loadTime"":-1767415192355,""redirectTime"":0,""type"":1}}",2026-01-03T04:39:52.559Z,,,,,,,
69,0346c20e5580a8d83b0372089bbfdd8d,pageview,2026-01-03T04:39:52.569Z,http://127.0.0.1:5500/plugin/example.html,/plugin/example.html,监控插件测试页面,127.0.0.1:5500,,"Mozilla/5.0 (Macintosh; Intel Mac OS X 10_15_7) AppleWebKit/605.1.15 (KHTML, like Gecko) Version/26.1 Safari/605.1.15",zh-CN,MacIntel,1440,900,940,779,http://127.0.0.1:5500/plugin/example.html,"{""performance"":{""dnsTime"":0,""tcpTime"":0,""requestTime"":1,""responseTime"":0,""domReadyTime"":9,""loadTime"":-1767415192554,""redirectTime"":0,""type"":1}}",2026-01-03T04:39:52.762Z,,,,,,,
70,0346c20e5580a8d83b0372089bbfdd8d,pageview,2026-01-03T04:39:52.772Z,http://127.0.0.1:5500/plugin/example.html,/plugin/example.html,监控插件测试页面,127.0.0.1:5500,,"Mozilla/5.0 (Macintosh; Intel Mac OS X 10_15_7) AppleWebKit/605.1.15 (KHTML, like Gecko) Version/26.1 Safari/605.1.15",zh-CN,MacIntel,1440,900,940,779,http://127.0.0.1:5500/plugin/example.html,"{""performance"":{""dnsTime"":0,""tcpTime"":0,""requestTime"":1,""responseTime"":0,""domReadyTime"":8,""loadTime"":-1767415192759,""redirectTime"":0,""type"":1}}",2026-01-03T04:39:52.966Z,,,,,,,
71,0346c20e5580a8d83b0372089bbfdd8d,pageview,2026-01-03T04:39:52.975Z,http://127.0.0.1:5500/plugin/example.html,/plugin/example.html,监控插件测试页面,127.0.0.1:5500,,"Mozilla/5.0 (Macintosh; Intel Mac OS X 10_15_7) AppleWebKit/605.1.15 (KHTML, like Gecko) Version/26.1 Safari/605.1.15",zh-CN,MacIntel,1440,900,940,779,http://127.0.0.1:5500/plugin/example.html,"{""performance"":{""dnsTime"":0,""tcpTime"":0,""requestTime"":1,""responseTime"":0,""domReadyTime"":8,""loadTime"":-1767415192962,""redirectTime"":0,""type"":1}}",2026-01-03T04:39:53.171Z,,,,,,,
72,0346c20e5580a8d83b0372089bbfdd8d,pageview,2026-01-03T04:39:53.179Z,http://127.0.0.1:5500/plugin/example.html,/plugin/example.html,监控插件测试页面,127.0.0.1:5500,,"Mozilla/5.0 (Macintosh; Intel Mac OS X 10_15_7) AppleWebKit/605.1.15 (KHTML, like Gecko) Version/26.1 Safari/605.1.15",zh-CN,MacIntel,1440,900,940,779,http://127.0.0.1:5500/plugin/example.html,"{""performance"":{""dnsTime"":0,""tcpTime"":0,""requestTime"":2,""responseTime"":0,""domReadyTime"":7,""loadTime"":-1767415193168,""redirectTime"":0,""type"":1}}",2026-01-03T04:39:53.377Z,,,,,,,
73,0346c20e5580a8d83b0372089bbfdd8d,pageview,2026-01-03T04:39:53.386Z,http://127.0.0.1:5500/plugin/example.html,/plugin/example.html,监控插件测试页面,127.0.0.1:5500,,"Mozilla/5.0 (Macintosh; Intel Mac OS X 10_15_7) AppleWebKit/605.1.15 (KHTML, like Gecko) Version/26.1 Safari/605.1.15",zh-CN,MacIntel,1440,900,940,779,http://127.0.0.1:5500/plugin/example.html,"{""performance"":{""dnsTime"":0,""tcpTime"":0,""requestTime"":1,""responseTime"":0,""domReadyTime"":8,""loadTime"":-1767415193373,""redirectTime"":0,""type"":1}}",2026-01-03T04:39:53.582Z,,,,,,,
74,0346c20e5580a8d83b0372089bbfdd8d,pageview,2026-01-03T04:39:53.592Z,http://127.0.0.1:5500/plugin/example.html,/plugin/example.html,监控插件测试页面,127.0.0.1:5500,,"Mozilla/5.0 (Macintosh; Intel Mac OS X 10_15_7) AppleWebKit/605.1.15 (KHTML, like Gecko) Version/26.1 Safari/605.1.15",zh-CN,MacIntel,1440,900,940,779,http://127.0.0.1:5500/plugin/example.html,"{""performance"":{""dnsTime"":0,""tcpTime"":0,""requestTime"":1,""responseTime"":0,""domReadyTime"":7,""loadTime"":-1767415193579,""redirectTime"":0,""type"":1}}",2026-01-03T04:39:53.786Z,,,,,,,
75,0346c20e5580a8d83b0372089bbfdd8d,pageview,2026-01-03T04:39:53.797Z,http://127.0.0.1:5500/plugin/example.html,/plugin/example.html,监控插件测试页面,127.0.0.1:5500,,"Mozilla/5.0 (Macintosh; Intel Mac OS X 10_15_7) AppleWebKit/605.1.15 (KHTML, like Gecko) Version/26.1 Safari/605.1.15",zh-CN,MacIntel,1440,900,940,779,http://127.0.0.1:5500/plugin/example.html,"{""performance"":{""dnsTime"":0,""tcpTime"":0,""requestTime"":1,""responseTime"":0,""domReadyTime"":8,""loadTime"":-1767415193783,""redirectTime"":0,""type"":1}}",2026-01-03T04:39:53.989Z,,,,,,,
76,0346c20e5580a8d83b0372089bbfdd8d,pageview,2026-01-03T04:39:54.000Z,http://127.0.0.1:5500/plugin/example.html,/plugin/example.html,监控插件测试页面,127.0.0.1:5500,,"Mozilla/5.0 (Macintosh; Intel Mac OS X 10_15_7) AppleWebKit/605.1.15 (KHTML, like Gecko) Version/26.1 Safari/605.1.15",zh-CN,MacIntel,1440,900,940,779,http://127.0.0.1:5500/plugin/example.html,"{""performance"":{""dnsTime"":0,""tcpTime"":0,""requestTime"":1,""responseTime"":0,""domReadyTime"":7,""loadTime"":-1767415193986,""redirectTime"":0,""type"":1}}",2026-01-03T04:39:54.195Z,,,,,,,
77,0346c20e5580a8d83b0372089bbfdd8d,pageview,2026-01-03T04:39:54.205Z,http://127.0.0.1:5500/plugin/example.html,/plugin/example.html,监控插件测试页面,127.0.0.1:5500,,"Mozilla/5.0 (Macintosh; Intel Mac OS X 10_15_7) AppleWebKit/605.1.15 (KHTML, like Gecko) Version/26.1 Safari/605.1.15",zh-CN,MacIntel,1440,900,940,779,http://127.0.0.1:5500/plugin/example.html,"{""performance"":{""dnsTime"":0,""tcpTime"":0,""requestTime"":1,""responseTime"":0,""domReadyTime"":7,""loadTime"":-1767415194192,""redirectTime"":0,""type"":1}}",2026-01-03T04:39:54.400Z,,,,,,,
78,0346c20e5580a8d83b0372089bbfdd8d,pageview,2026-01-03T04:39:54.412Z,http://127.0.0.1:5500/plugin/example.html,/plugin/example.html,监控插件测试页面,127.0.0.1:5500,,"Mozilla/5.0 (Macintosh; Intel Mac OS X 10_15_7) AppleWebKit/605.1.15 (KHTML, like Gecko) Version/26.1 Safari/605.1.15",zh-CN,MacIntel,1440,900,940,779,http://127.0.0.1:5500/plugin/example.html,"{""performance"":{""dnsTime"":0,""tcpTime"":0,""requestTime"":2,""responseTime"":0,""domReadyTime"":9,""loadTime"":-1767415194396,""redirectTime"":0,""type"":1}}",2026-01-03T04:39:54.603Z,,,,,,,
79,0346c20e5580a8d83b0372089bbfdd8d,pageview,2026-01-03T04:39:54.611Z,http://127.0.0.1:5500/plugin/example.html,/plugin/example.html,监控插件测试页面,127.0.0.1:5500,,"Mozilla/5.0 (Macintosh; Intel Mac OS X 10_15_7) AppleWebKit/605.1.15 (KHTML, like Gecko) Version/26.1 Safari/605.1.15",zh-CN,MacIntel,1440,900,940,779,http://127.0.0.1:5500/plugin/example.html,"{""performance"":{""dnsTime"":0,""tcpTime"":0,""requestTime"":1,""responseTime"":0,""domReadyTime"":8,""loadTime"":-1767415194600,""redirectTime"":0,""type"":1}}",2026-01-03T04:39:54.806Z,,,,,,,
80,0346c20e5580a8d83b0372089bbfdd8d,pageview,2026-01-03T04:39:54.815Z,http://127.0.0.1:5500/plugin/example.html,/plugin/example.html,监控插件测试页面,127.0.0.1:5500,,"Mozilla/5.0 (Macintosh; Intel Mac OS X 10_15_7) AppleWebKit/605.1.15 (KHTML, like Gecko) Version/26.1 Safari/605.1.15",zh-CN,MacIntel,1440,900,940,779,http://127.0.0.1:5500/plugin/example.html,"{""performance"":{""dnsTime"":0,""tcpTime"":0,""requestTime"":1,""responseTime"":0,""domReadyTime"":8,""loadTime"":-1767415194801,""redirectTime"":0,""type"":1}}",2026-01-03T04:39:55.008Z,,,,,,,
81,0346c20e5580a8d83b0372089bbfdd8d,pageview,2026-01-03T04:39:55.019Z,http://127.0.0.1:5500/plugin/example.html,/plugin/example.html,监控插件测试页面,127.0.0.1:5500,,"Mozilla/5.0 (Macintosh; Intel Mac OS X 10_15_7) AppleWebKit/605.1.15 (KHTML, like Gecko) Version/26.1 Safari/605.1.15",zh-CN,MacIntel,1440,900,940,779,http://127.0.0.1:5500/plugin/example.html,"{""performance"":{""dnsTime"":0,""tcpTime"":0,""requestTime"":2,""responseTime"":0,""domReadyTime"":9,""loadTime"":-1767415195003,""redirectTime"":0,""type"":1}}",2026-01-03T04:39:55.212Z,,,,,,,
82,0346c20e5580a8d83b0372089bbfdd8d,pageview,2026-01-03T04:39:55.221Z,http://127.0.0.1:5500/plugin/example.html,/plugin/example.html,监控插件测试页面,127.0.0.1:5500,,"Mozilla/5.0 (Macintosh; Intel Mac OS X 10_15_7) AppleWebKit/605.1.15 (KHTML, like Gecko) Version/26.1 Safari/605.1.15",zh-CN,MacIntel,1440,900,940,779,http://127.0.0.1:5500/plugin/example.html,"{""performance"":{""dnsTime"":0,""tcpTime"":0,""requestTime"":1,""responseTime"":0,""domReadyTime"":9,""loadTime"":-1767415195207,""redirectTime"":0,""type"":1}}",2026-01-03T04:39:55.417Z,,,,,,,
83,0346c20e5580a8d83b0372089bbfdd8d,pageview,2026-01-03T04:39:55.428Z,http://127.0.0.1:5500/plugin/example.html,/plugin/example.html,监控插件测试页面,127.0.0.1:5500,,"Mozilla/5.0 (Macintosh; Intel Mac OS X 10_15_7) AppleWebKit/605.1.15 (KHTML, like Gecko) Version/26.1 Safari/605.1.15",zh-CN,MacIntel,1440,900,940,779,http://127.0.0.1:5500/plugin/example.html,"{""performance"":{""dnsTime"":0,""tcpTime"":0,""requestTime"":2,""responseTime"":0,""domReadyTime"":8,""loadTime"":-1767415195414,""redirectTime"":0,""type"":1}}",2026-01-03T04:39:55.505Z,,,,,,,
84,0346c20e5580a8d83b0372089bbfdd8d,pageview,2026-01-03T04:39:55.518Z,http://127.0.0.1:5500/plugin/example.html,/plugin/example.html,监控插件测试页面,127.0.0.1:5500,45.207.157.233,"Mozilla/5.0 (Macintosh; Intel Mac OS X 10_15_7) AppleWebKit/605.1.15 (KHTML, like Gecko) Version/26.1 Safari/605.1.15",zh-CN,MacIntel,1440,900,940,779,http://127.0.0.1:5500/plugin/example.html,"{""performance"":{""dnsTime"":0,""tcpTime"":0,""requestTime"":1,""responseTime"":0,""domReadyTime"":8,""loadTime"":-1767415195502,""redirectTime"":0,""type"":1}}",2026-01-03T04:40:01.784Z,,,,,,,
85,0346c20e5580a8d83b0372089bbfdd8d,click,2026-01-03T04:39:57.338Z,http://127.0.0.1:5500/plugin/example.html,/plugin/example.html,监控插件测试页面,127.0.0.1:5500,45.207.157.233,"Mozilla/5.0 (Macintosh; Intel Mac OS X 10_15_7) AppleWebKit/605.1.15 (KHTML, like Gecko) Version/26.1 Safari/605.1.15",zh-CN,MacIntel,1440,900,940,779,http://127.0.0.1:5500/plugin/example.html,"{""element"":""H2"",""id"":"""",""className"":"""",""text"":""测试功能"",""x"":673,""y"":218}",2026-01-03T04:40:01.784Z,,,,,,,
86,0346c20e5580a8d83b0372089bbfdd8d,click,2026-01-03T04:39:58.156Z,http://127.0.0.1:5500/plugin/example.html,/plugin/example.html,监控插件测试页面,127.0.0.1:5500,45.207.157.233,"Mozilla/5.0 (Macintosh; Intel Mac OS X 10_15_7) AppleWebKit/605.1.15 (KHTML, like Gecko) Version/26.1 Safari/605.1.15",zh-CN,MacIntel,1440,900,940,779,http://127.0.0.1:5500/plugin/example.html,"{""element"":""BUTTON"",""id"":"""",""className"":"""",""text"":""测试点击事件"",""x"":148,""y"":277}",2026-01-03T04:40:01.784Z,,,,,,,
87,0346c20e5580a8d83b0372089bbfdd8d,pageview,2026-01-03T04:40:01.969Z,http://127.0.0.1:5500/plugin/example.html,/plugin/example.html,监控插件测试页面,127.0.0.1:5500,45.207.157.233,"Mozilla/5.0 (Macintosh; Intel Mac OS X 10_15_7) AppleWebKit/605.1.15 (KHTML, like Gecko) Version/26.1 Safari/605.1.15",zh-CN,MacIntel,1440,900,940,779,http://127.0.0.1:5500/plugin/example.html,"{""performance"":{""dnsTime"":0,""tcpTime"":1,""requestTime"":2,""responseTime"":0,""domReadyTime"":12,""loadTime"":-1767415201945,""redirectTime"":0,""type"":1}}",2026-01-03T04:40:07.076Z,,,,,,,
88,0346c20e5580a8d83b0372089bbfdd8d,pageview,2026-01-03T04:40:07.251Z,http://127.0.0.1:5500/plugin/example.html,/plugin/example.html,监控插件测试页面,127.0.0.1:5500,45.207.157.233,"Mozilla/5.0 (Macintosh; Intel Mac OS X 10_15_7) AppleWebKit/605.1.15 (KHTML, like Gecko) Version/26.1 Safari/605.1.15",zh-CN,MacIntel,1440,900,940,779,http://127.0.0.1:5500/plugin/example.html,"{""performance"":{""dnsTime"":0,""tcpTime"":0,""requestTime"":2,""responseTime"":0,""domReadyTime"":14,""loadTime"":-1767415207228,""redirectTime"":0,""type"":1}}",2026-01-03T04:40:12.331Z,,,,,,,
89,0346c20e5580a8d83b0372089bbfdd8d,pageview,2026-01-03T04:40:12.543Z,http://127.0.0.1:5500/plugin/example.html,/plugin/example.html,监控插件测试页面,127.0.0.1:5500,45.207.157.233,"Mozilla/5.0 (Macintosh; Intel Mac OS X 10_15_7) AppleWebKit/605.1.15 (KHTML, like Gecko) Version/26.1 Safari/605.1.15",zh-CN,MacIntel,1440,900,940,779,http://127.0.0.1:5500/plugin/example.html,"{""performance"":{""dnsTime"":0,""tcpTime"":0,""requestTime"":2,""responseTime"":0,""domReadyTime"":15,""loadTime"":-1767415212519,""redirectTime"":0,""type"":1}}",2026-01-03T04:40:17.645Z,,,,,,,
90,0346c20e5580a8d83b0372089bbfdd8d,pageview,2026-01-03T04:40:17.836Z,http://127.0.0.1:5500/plugin/example.html,/plugin/example.html,监控插件测试页面,127.0.0.1:5500,45.207.157.233,"Mozilla/5.0 (Macintosh; Intel Mac OS X 10_15_7) AppleWebKit/605.1.15 (KHTML, like Gecko) Version/26.1 Safari/605.1.15",zh-CN,MacIntel,1440,900,940,779,http://127.0.0.1:5500/plugin/example.html,"{""performance"":{""dnsTime"":0,""tcpTime"":0,""requestTime"":1,""responseTime"":0,""domReadyTime"":11,""loadTime"":-1767415217810,""redirectTime"":0,""type"":1}}",2026-01-03T04:40:22.908Z,,,,,,,
91,0346c20e5580a8d83b0372089bbfdd8d,pageview,2026-01-03T04:40:23.143Z,http://127.0.0.1:5500/plugin/example.html,/plugin/example.html,监控插件测试页面,127.0.0.1:5500,45.207.157.233,"Mozilla/5.0 (Macintosh; Intel Mac OS X 10_15_7) AppleWebKit/605.1.15 (KHTML, like Gecko) Version/26.1 Safari/605.1.15",zh-CN,MacIntel,1440,900,940,779,http://127.0.0.1:5500/plugin/example.html,"{""performance"":{""dnsTime"":0,""tcpTime"":0,""requestTime"":1,""responseTime"":0,""domReadyTime"":22,""loadTime"":-1767415223108,""redirectTime"":0,""type"":1}}",2026-01-03T04:40:28.203Z,,,,,,,
92,0346c20e5580a8d83b0372089bbfdd8d,pageview,2026-01-03T04:40:28.426Z,http://127.0.0.1:5500/plugin/example.html,/plugin/example.html,监控插件测试页面,127.0.0.1:5500,45.207.157.233,"Mozilla/5.0 (Macintosh; Intel Mac OS X 10_15_7) AppleWebKit/605.1.15 (KHTML, like Gecko) Version/26.1 Safari/605.1.15",zh-CN,MacIntel,1440,900,940,779,http://127.0.0.1:5500/plugin/example.html,"{""performance"":{""dnsTime"":0,""tcpTime"":0,""requestTime"":1,""responseTime"":0,""domReadyTime"":14,""loadTime"":-1767415228405,""redirectTime"":0,""type"":1}}",2026-01-03T04:40:33.503Z,,,,,,,
93,0346c20e5580a8d83b0372089bbfdd8d,pageview,2026-01-03T04:40:33.655Z,http://127.0.0.1:5500/plugin/example.html,/plugin/example.html,监控插件测试页面,127.0.0.1:5500,45.207.157.233,"Mozilla/5.0 (Macintosh; Intel Mac OS X 10_15_7) AppleWebKit/605.1.15 (KHTML, like Gecko) Version/26.1 Safari/605.1.15",zh-CN,MacIntel,1440,900,940,779,http://127.0.0.1:5500/plugin/example.html,"{""performance"":{""dnsTime"":0,""tcpTime"":0,""requestTime"":2,""responseTime"":0,""domReadyTime"":18,""loadTime"":-1767415233627,""redirectTime"":0,""type"":1}}",2026-01-03T04:40:38.758Z,,,,,,,
94,0346c20e5580a8d83b0372089bbfdd8d,pageview,2026-01-03T04:40:38.941Z,http://127.0.0.1:5500/plugin/example.html,/plugin/example.html,监控插件测试页面,127.0.0.1:5500,45.207.157.233,"Mozilla/5.0 (Macintosh; Intel Mac OS X 10_15_7) AppleWebKit/605.1.15 (KHTML, like Gecko) Version/26.1 Safari/605.1.15",zh-CN,MacIntel,1440,900,940,779,http://127.0.0.1:5500/plugin/example.html,"{""performance"":{""dnsTime"":0,""tcpTime"":0,""requestTime"":2,""responseTime"":0,""domReadyTime"":15,""loadTime"":-1767415238917,""redirectTime"":0,""type"":1}}",2026-01-03T04:40:44.021Z,,,,,,,
95,0346c20e5580a8d83b0372089bbfdd8d,pageview,2026-01-03T04:40:44.241Z,http://127.0.0.1:5500/plugin/example.html,/plugin/example.html,监控插件测试页面,127.0.0.1:5500,45.207.157.233,"Mozilla/5.0 (Macintosh; Intel Mac OS X 10_15_7) AppleWebKit/605.1.15 (KHTML, like Gecko) Version/26.1 Safari/605.1.15",zh-CN,MacIntel,1440,900,940,779,http://127.0.0.1:5500/plugin/example.html,"{""performance"":{""dnsTime"":0,""tcpTime"":0,""requestTime"":2,""responseTime"":0,""domReadyTime"":17,""loadTime"":-1767415244212,""redirectTime"":0,""type"":1}}",2026-01-03T04:40:49.313Z,,,,,,,
96,0346c20e5580a8d83b0372089bbfdd8d,pageview,2026-01-03T04:40:49.520Z,http://127.0.0.1:5500/plugin/example.html,/plugin/example.html,监控插件测试页面,127.0.0.1:5500,45.207.157.233,"Mozilla/5.0 (Macintosh; Intel Mac OS X 10_15_7) AppleWebKit/605.1.15 (KHTML, like Gecko) Version/26.1 Safari/605.1.15",zh-CN,MacIntel,1440,900,940,779,http://127.0.0.1:5500/plugin/example.html,"{""performance"":{""dnsTime"":0,""tcpTime"":0,""requestTime"":1,""responseTime"":0,""domReadyTime"":17,""loadTime"":-1767415249494,""redirectTime"":0,""type"":1}}",2026-01-03T04:40:54.612Z,,,,,,,
97,0346c20e5580a8d83b0372089bbfdd8d,pageview,2026-01-03T04:40:54.829Z,http://127.0.0.1:5500/plugin/example.html,/plugin/example.html,监控插件测试页面,127.0.0.1:5500,45.207.157.233,"Mozilla/5.0 (Macintosh; Intel Mac OS X 10_15_7) AppleWebKit/605.1.15 (KHTML, like Gecko) Version/26.1 Safari/605.1.15",zh-CN,MacIntel,1440,900,940,779,http://127.0.0.1:5500/plugin/example.html,"{""performance"":{""dnsTime"":0,""tcpTime"":0,""requestTime"":1,""responseTime"":0,""domReadyTime"":19,""loadTime"":-1767415254800,""redirectTime"":0,""type"":1}}",2026-01-03T04:40:59.887Z,,,,,,,
98,0346c20e5580a8d83b0372089bbfdd8d,pageview,2026-01-03T04:41:00.116Z,http://127.0.0.1:5500/plugin/example.html,/plugin/example.html,监控插件测试页面,127.0.0.1:5500,45.207.157.233,"Mozilla/5.0 (Macintosh; Intel Mac OS X 10_15_7) AppleWebKit/605.1.15 (KHTML, like Gecko) Version/26.1 Safari/605.1.15",zh-CN,MacIntel,1440,900,940,779,http://127.0.0.1:5500/plugin/example.html,"{""performance"":{""dnsTime"":0,""tcpTime"":0,""requestTime"":2,""responseTime"":0,""domReadyTime"":20,""loadTime"":-1767415260084,""redirectTime"":0,""type"":1}}",2026-01-03T04:41:05.203Z,,,,,,,
99,0346c20e5580a8d83b0372089bbfdd8d,pageview,2026-01-03T04:41:05.407Z,http://127.0.0.1:5500/plugin/example.html,/plugin/example.html,监控插件测试页面,127.0.0.1:5500,45.207.157.233,"Mozilla/5.0 (Macintosh; Intel Mac OS X 10_15_7) AppleWebKit/605.1.15 (KHTML, like Gecko) Version/26.1 Safari/605.1.15",zh-CN,MacIntel,1440,900,940,779,http://127.0.0.1:5500/plugin/example.html,"{""performance"":{""dnsTime"":0,""tcpTime"":0,""requestTime"":0,""responseTime"":0,""domReadyTime"":22,""loadTime"":-1767415265380,""redirectTime"":0,""type"":1}}",2026-01-03T04:41:10.487Z,,,,,,,
100,0346c20e5580a8d83b0372089bbfdd8d,pageview,2026-01-03T04:41:10.722Z,http://127.0.0.1:5500/plugin/example.html,/plugin/example.html,监控插件测试页面,127.0.0.1:5500,45.207.157.233,"Mozilla/5.0 (Macintosh; Intel Mac OS X 10_15_7) AppleWebKit/605.1.15 (KHTML, like Gecko) Version/26.1 Safari/605.1.15",zh-CN,MacIntel,1440,900,940,779,http://127.0.0.1:5500/plugin/example.html,"{""performance"":{""dnsTime"":0,""tcpTime"":0,""requestTime"":3,""responseTime"":0,""domReadyTime"":19,""loadTime"":-1767415270687,""redirectTime"":0,""type"":1}}",2026-01-03T04:41:15.778Z,,,,,,,
101,0346c20e5580a8d83b0372089bbfdd8d,pageview,2026-01-03T04:41:15.996Z,http://127.0.0.1:5500/plugin/example.html,/plugin/example.html,监控插件测试页面,127.0.0.1:5500,45.207.157.233,"Mozilla/5.0 (Macintosh; Intel Mac OS X 10_15_7) AppleWebKit/605.1.15 (KHTML, like Gecko) Version/26.1 Safari/605.1.15",zh-CN,MacIntel,1440,900,940,779,http://127.0.0.1:5500/plugin/example.html,"{""performance"":{""dnsTime"":0,""tcpTime"":0,""requestTime"":2,""responseTime"":0,""domReadyTime"":15,""loadTime"":-1767415275972,""redirectTime"":0,""type"":1}}",2026-01-03T04:41:21.099Z,,,,,,,
102,0346c20e5580a8d83b0372089bbfdd8d,pageview,2026-01-03T04:41:21.313Z,http://127.0.0.1:5500/plugin/example.html,/plugin/example.html,监控插件测试页面,127.0.0.1:5500,45.207.157.233,"Mozilla/5.0 (Macintosh; Intel Mac OS X 10_15_7) AppleWebKit/605.1.15 (KHTML, like Gecko) Version/26.1 Safari/605.1.15",zh-CN,MacIntel,1440,900,940,779,http://127.0.0.1:5500/plugin/example.html,"{""performance"":{""dnsTime"":0,""tcpTime"":0,""requestTime"":2,""responseTime"":0,""domReadyTime"":18,""loadTime"":-1767415281285,""redirectTime"":0,""type"":1}}",2026-01-03T04:41:26.361Z,,,,,,,
103,0346c20e5580a8d83b0372089bbfdd8d,pageview,2026-01-03T04:41:26.543Z,http://127.0.0.1:5500/plugin/example.html,/plugin/example.html,监控插件测试页面,127.0.0.1:5500,45.207.157.233,"Mozilla/5.0 (Macintosh; Intel Mac OS X 10_15_7) AppleWebKit/605.1.15 (KHTML, like Gecko) Version/26.1 Safari/605.1.15",zh-CN,MacIntel,1440,900,940,779,http://127.0.0.1:5500/plugin/example.html,"{""performance"":{""dnsTime"":0,""tcpTime"":0,""requestTime"":2,""responseTime"":0,""domReadyTime"":23,""loadTime"":-1767415286509,""redirectTime"":0,""type"":1}}",2026-01-03T04:41:31.656Z,,,,,,,
104,0346c20e5580a8d83b0372089bbfdd8d,pageview,2026-01-03T04:41:31.811Z,http://127.0.0.1:5500/plugin/example.html,/plugin/example.html,监控插件测试页面,127.0.0.1:5500,45.207.157.233,"Mozilla/5.0 (Macintosh; Intel Mac OS X 10_15_7) AppleWebKit/605.1.15 (KHTML, like Gecko) Version/26.1 Safari/605.1.15",zh-CN,MacIntel,1440,900,940,779,http://127.0.0.1:5500/plugin/example.html,"{""performance"":{""dnsTime"":0,""tcpTime"":0,""requestTime"":1,""responseTime"":0,""domReadyTime"":16,""loadTime"":-1767415291786,""redirectTime"":0,""type"":1}}",2026-01-03T04:41:36.914Z,,,,,,,
105,0346c20e5580a8d83b0372089bbfdd8d,pageview,2026-01-03T04:41:37.111Z,http://127.0.0.1:5500/plugin/example.html,/plugin/example.html,监控插件测试页面,127.0.0.1:5500,45.207.157.233,"Mozilla/5.0 (Macintosh; Intel Mac OS X 10_15_7) AppleWebKit/605.1.15 (KHTML, like Gecko) Version/26.1 Safari/605.1.15",zh-CN,MacIntel,1440,900,940,779,http://127.0.0.1:5500/plugin/example.html,"{""performance"":{""dnsTime"":0,""tcpTime"":0,""requestTime"":2,""responseTime"":0,""domReadyTime"":19,""loadTime"":-1767415297080,""redirectTime"":0,""type"":1}}",2026-01-03T04:41:42.184Z,,,,,,,
106,0346c20e5580a8d83b0372089bbfdd8d,pageview,2026-01-03T04:41:42.411Z,http://127.0.0.1:5500/plugin/example.html,/plugin/example.html,监控插件测试页面,127.0.0.1:5500,45.207.157.233,"Mozilla/5.0 (Macintosh; Intel Mac OS X 10_15_7) AppleWebKit/605.1.15 (KHTML, like Gecko) Version/26.1 Safari/605.1.15",zh-CN,MacIntel,1440,900,940,779,http://127.0.0.1:5500/plugin/example.html,"{""performance"":{""dnsTime"":0,""tcpTime"":0,""requestTime"":2,""responseTime"":0,""domReadyTime"":22,""loadTime"":-1767415302379,""redirectTime"":0,""type"":1}}",2026-01-03T04:41:47.486Z,,,,,,,
107,0346c20e5580a8d83b0372089bbfdd8d,pageview,2026-01-03T04:41:47.690Z,http://127.0.0.1:5500/plugin/example.html,/plugin/example.html,监控插件测试页面,127.0.0.1:5500,45.207.157.233,"Mozilla/5.0 (Macintosh; Intel Mac OS X 10_15_7) AppleWebKit/605.1.15 (KHTML, like Gecko) Version/26.1 Safari/605.1.15",zh-CN,MacIntel,1440,900,940,779,http://127.0.0.1:5500/plugin/example.html,"{""performance"":{""dnsTime"":0,""tcpTime"":0,""requestTime"":2,""responseTime"":0,""domReadyTime"":17,""loadTime"":-1767415307667,""redirectTime"":0,""type"":1}}",2026-01-03T04:41:52.788Z,,,,,,,
108,0346c20e5580a8d83b0372089bbfdd8d,pageview,2026-01-03T04:41:52.983Z,http://127.0.0.1:5500/plugin/example.html,/plugin/example.html,监控插件测试页面,127.0.0.1:5500,45.207.157.233,"Mozilla/5.0 (Macintosh; Intel Mac OS X 10_15_7) AppleWebKit/605.1.15 (KHTML, like Gecko) Version/26.1 Safari/605.1.15",zh-CN,MacIntel,1440,900,940,779,http://127.0.0.1:5500/plugin/example.html,"{""performance"":{""dnsTime"":0,""tcpTime"":0,""requestTime"":3,""responseTime"":0,""domReadyTime"":20,""loadTime"":-1767415312953,""redirectTime"":0,""type"":1}}",2026-01-03T04:41:58.060Z,,,,,,,
109,0346c20e5580a8d83b0372089bbfdd8d,pageview,2026-01-03T04:41:58.265Z,http://127.0.0.1:5500/plugin/example.html,/plugin/example.html,监控插件测试页面,127.0.0.1:5500,45.207.157.233,"Mozilla/5.0 (Macintosh; Intel Mac OS X 10_15_7) AppleWebKit/605.1.15 (KHTML, like Gecko) Version/26.1 Safari/605.1.15",zh-CN,MacIntel,1440,900,940,779,http://127.0.0.1:5500/plugin/example.html,"{""performance"":{""dnsTime"":0,""tcpTime"":0,""requestTime"":2,""responseTime"":0,""domReadyTime"":19,""loadTime"":-1767415318238,""redirectTime"":0,""type"":1}}",2026-01-03T04:42:03.358Z,,,,,,,
110,0346c20e5580a8d83b0372089bbfdd8d,pageview,2026-01-03T04:42:03.574Z,http://127.0.0.1:5500/plugin/example.html,/plugin/example.html,监控插件测试页面,127.0.0.1:5500,45.207.157.233,"Mozilla/5.0 (Macintosh; Intel Mac OS X 10_15_7) AppleWebKit/605.1.15 (KHTML, like Gecko) Version/26.1 Safari/605.1.15",zh-CN,MacIntel,1440,900,940,779,http://127.0.0.1:5500/plugin/example.html,"{""performance"":{""dnsTime"":0,""tcpTime"":0,""requestTime"":1,""responseTime"":0,""domReadyTime"":21,""loadTime"":-1767415323543,""redirectTime"":0,""type"":1}}",2026-01-03T04:42:08.638Z,,,,,,,
111,0346c20e5580a8d83b0372089bbfdd8d,pageview,2026-01-03T04:42:08.855Z,http://127.0.0.1:5500/plugin/example.html,/plugin/example.html,监控插件测试页面,127.0.0.1:5500,45.207.157.233,"Mozilla/5.0 (Macintosh; Intel Mac OS X 10_15_7) AppleWebKit/605.1.15 (KHTML, like Gecko) Version/26.1 Safari/605.1.15",zh-CN,MacIntel,1440,900,940,779,http://127.0.0.1:5500/plugin/example.html,"{""performance"":{""dnsTime"":0,""tcpTime"":0,""requestTime"":2,""responseTime"":0,""domReadyTime"":20,""loadTime"":-1767415328823,""redirectTime"":0,""type"":1}}",2026-01-03T04:42:13.939Z,,,,,,,
112,0346c20e5580a8d83b0372089bbfdd8d,pageview,2026-01-03T04:42:14.114Z,http://127.0.0.1:5500/plugin/example.html,/plugin/example.html,监控插件测试页面,127.0.0.1:5500,45.207.157.233,"Mozilla/5.0 (Macintosh; Intel Mac OS X 10_15_7) AppleWebKit/605.1.15 (KHTML, like Gecko) Version/26.1 Safari/605.1.15",zh-CN,MacIntel,1440,900,940,779,http://127.0.0.1:5500/plugin/example.html,"{""performance"":{""dnsTime"":0,""tcpTime"":0,""requestTime"":4,""responseTime"":0,""domReadyTime"":29,""loadTime"":-1767415334074,""redirectTime"":0,""type"":1}}",2026-01-03T04:42:19.227Z,,,,,,,
113,0346c20e5580a8d83b0372089bbfdd8d,pageview,2026-01-03T04:42:19.400Z,http://127.0.0.1:5500/plugin/example.html,/plugin/example.html,监控插件测试页面,127.0.0.1:5500,45.207.157.233,"Mozilla/5.0 (Macintosh; Intel Mac OS X 10_15_7) AppleWebKit/605.1.15 (KHTML, like Gecko) Version/26.1 Safari/605.1.15",zh-CN,MacIntel,1440,900,940,779,http://127.0.0.1:5500/plugin/example.html,"{""performance"":{""dnsTime"":0,""tcpTime"":0,""requestTime"":2,""responseTime"":0,""domReadyTime"":25,""loadTime"":-1767415339365,""redirectTime"":0,""type"":1}}",2026-01-03T04:42:24.486Z,,,,,,,
114,0346c20e5580a8d83b0372089bbfdd8d,pageview,2026-01-03T04:42:24.703Z,http://127.0.0.1:5500/plugin/example.html,/plugin/example.html,监控插件测试页面,127.0.0.1:5500,45.207.157.233,"Mozilla/5.0 (Macintosh; Intel Mac OS X 10_15_7) AppleWebKit/605.1.15 (KHTML, like Gecko) Version/26.1 Safari/605.1.15",zh-CN,MacIntel,1440,900,940,779,http://127.0.0.1:5500/plugin/example.html,"{""performance"":{""dnsTime"":0,""tcpTime"":0,""requestTime"":1,""responseTime"":0,""domReadyTime"":17,""loadTime"":-1767415344677,""redirectTime"":0,""type"":1}}",2026-01-03T04:42:29.769Z,,,,,,,
115,0346c20e5580a8d83b0372089bbfdd8d,pageview,2026-01-03T04:42:30.003Z,http://127.0.0.1:5500/plugin/example.html,/plugin/example.html,监控插件测试页面,127.0.0.1:5500,45.207.157.233,"Mozilla/5.0 (Macintosh; Intel Mac OS X 10_15_7) AppleWebKit/605.1.15 (KHTML, like Gecko) Version/26.1 Safari/605.1.15",zh-CN,MacIntel,1440,900,940,779,http://127.0.0.1:5500/plugin/example.html,"{""performance"":{""dnsTime"":0,""tcpTime"":0,""requestTime"":2,""responseTime"":0,""domReadyTime"":16,""loadTime"":-1767415349979,""redirectTime"":0,""type"":1}}",2026-01-03T04:42:35.073Z,,,,,,,
116,0346c20e5580a8d83b0372089bbfdd8d,pageview,2026-01-03T04:42:35.257Z,http://127.0.0.1:5500/plugin/example.html,/plugin/example.html,监控插件测试页面,127.0.0.1:5500,45.207.157.233,"Mozilla/5.0 (Macintosh; Intel Mac OS X 10_15_7) AppleWebKit/605.1.15 (KHTML, like Gecko) Version/26.1 Safari/605.1.15",zh-CN,MacIntel,1440,900,940,779,http://127.0.0.1:5500/plugin/example.html,"{""performance"":{""dnsTime"":0,""tcpTime"":0,""requestTime"":1,""responseTime"":0,""domReadyTime"":14,""loadTime"":-1767415355236,""redirectTime"":0,""type"":1}}",2026-01-03T04:42:40.371Z,,,,,,,
117,0346c20e5580a8d83b0372089bbfdd8d,pageview,2026-01-03T04:42:40.522Z,http://127.0.0.1:5500/plugin/example.html,/plugin/example.html,监控插件测试页面,127.0.0.1:5500,45.207.157.233,"Mozilla/5.0 (Macintosh; Intel Mac OS X 10_15_7) AppleWebKit/605.1.15 (KHTML, like Gecko) Version/26.1 Safari/605.1.15",zh-CN,MacIntel,1440,900,940,779,http://127.0.0.1:5500/plugin/example.html,"{""performance"":{""dnsTime"":0,""tcpTime"":0,""requestTime"":2,""responseTime"":0,""domReadyTime"":17,""loadTime"":-1767415360491,""redirectTime"":0,""type"":1}}",2026-01-03T04:42:45.628Z,,,,,,,
118,0346c20e5580a8d83b0372089bbfdd8d,pageview,2026-01-03T04:42:45.813Z,http://127.0.0.1:5500/plugin/example.html,/plugin/example.html,监控插件测试页面,127.0.0.1:5500,45.207.157.233,"Mozilla/5.0 (Macintosh; Intel Mac OS X 10_15_7) AppleWebKit/605.1.15 (KHTML, like Gecko) Version/26.1 Safari/605.1.15",zh-CN,MacIntel,1440,900,940,779,http://127.0.0.1:5500/plugin/example.html,"{""performance"":{""dnsTime"":0,""tcpTime"":0,""requestTime"":2,""responseTime"":0,""domReadyTime"":17,""loadTime"":-1767415365787,""redirectTime"":0,""type"":1}}",2026-01-03T04:42:50.883Z,,,,,,,
119,0346c20e5580a8d83b0372089bbfdd8d,pageview,2026-01-03T04:42:51.104Z,http://127.0.0.1:5500/plugin/example.html,/plugin/example.html,监控插件测试页面,127.0.0.1:5500,45.207.157.233,"Mozilla/5.0 (Macintosh; Intel Mac OS X 10_15_7) AppleWebKit/605.1.15 (KHTML, like Gecko) Version/26.1 Safari/605.1.15",zh-CN,MacIntel,1440,900,940,779,http://127.0.0.1:5500/plugin/example.html,"{""performance"":{""dnsTime"":0,""tcpTime"":0,""requestTime"":1,""responseTime"":0,""domReadyTime"":13,""loadTime"":-1767415371083,""redirectTime"":0,""type"":1}}",2026-01-03T04:42:56.180Z,,,,,,,
120,0346c20e5580a8d83b0372089bbfdd8d,pageview,2026-01-03T04:42:56.408Z,http://127.0.0.1:5500/plugin/example.html,/plugin/example.html,监控插件测试页面,127.0.0.1:5500,45.207.157.233,"Mozilla/5.0 (Macintosh; Intel Mac OS X 10_15_7) AppleWebKit/605.1.15 (KHTML, like Gecko) Version/26.1 Safari/605.1.15",zh-CN,MacIntel,1440,900,940,779,http://127.0.0.1:5500/plugin/example.html,"{""performance"":{""dnsTime"":0,""tcpTime"":0,""requestTime"":1,""responseTime"":0,""domReadyTime"":22,""loadTime"":-1767415376380,""redirectTime"":0,""type"":1}}",2026-01-03T04:43:01.492Z,,,,,,,
121,0346c20e5580a8d83b0372089bbfdd8d,pageview,2026-01-03T04:43:01.682Z,http://127.0.0.1:5500/plugin/example.html,/plugin/example.html,监控插件测试页面,127.0.0.1:5500,45.207.157.233,"Mozilla/5.0 (Macintosh; Intel Mac OS X 10_15_7) AppleWebKit/605.1.15 (KHTML, like Gecko) Version/26.1 Safari/605.1.15",zh-CN,MacIntel,1440,900,940,779,http://127.0.0.1:5500/plugin/example.html,"{""performance"":{""dnsTime"":0,""tcpTime"":0,""requestTime"":1,""responseTime"":0,""domReadyTime"":18,""loadTime"":-1767415381657,""redirectTime"":0,""type"":1}}",2026-01-03T04:43:06.776Z,,,,,,,
122,0346c20e5580a8d83b0372089bbfdd8d,pageview,2026-01-03T04:43:07.006Z,http://127.0.0.1:5500/plugin/example.html,/plugin/example.html,监控插件测试页面,127.0.0.1:5500,45.207.157.233,"Mozilla/5.0 (Macintosh; Intel Mac OS X 10_15_7) AppleWebKit/605.1.15 (KHTML, like Gecko) Version/26.1 Safari/605.1.15",zh-CN,MacIntel,1440,900,940,779,http://127.0.0.1:5500/plugin/example.html,"{""performance"":{""dnsTime"":0,""tcpTime"":0,""requestTime"":2,""responseTime"":0,""domReadyTime"":14,""loadTime"":-1767415386983,""redirectTime"":0,""type"":1}}",2026-01-03T04:43:12.052Z,,,,,,,
123,0346c20e5580a8d83b0372089bbfdd8d,pageview,2026-01-03T04:43:12.260Z,http://127.0.0.1:5500/plugin/example.html,/plugin/example.html,监控插件测试页面,127.0.0.1:5500,45.207.157.233,"Mozilla/5.0 (Macintosh; Intel Mac OS X 10_15_7) AppleWebKit/605.1.15 (KHTML, like Gecko) Version/26.1 Safari/605.1.15",zh-CN,MacIntel,1440,900,940,779,http://127.0.0.1:5500/plugin/example.html,"{""performance"":{""dnsTime"":0,""tcpTime"":0,""requestTime"":2,""responseTime"":0,""domReadyTime"":17,""loadTime"":-1767415392236,""redirectTime"":0,""type"":1}}",2026-01-03T04:43:17.373Z,,,,,,,
124,0346c20e5580a8d83b0372089bbfdd8d,pageview,2026-01-03T04:43:17.525Z,http://127.0.0.1:5500/plugin/example.html,/plugin/example.html,监控插件测试页面,127.0.0.1:5500,45.207.157.233,"Mozilla/5.0 (Macintosh; Intel Mac OS X 10_15_7) AppleWebKit/605.1.15 (KHTML, like Gecko) Version/26.1 Safari/605.1.15",zh-CN,MacIntel,1440,900,940,779,http://127.0.0.1:5500/plugin/example.html,"{""performance"":{""dnsTime"":0,""tcpTime"":0,""requestTime"":2,""responseTime"":0,""domReadyTime"":19,""loadTime"":-1767415397496,""redirectTime"":0,""type"":1}}",2026-01-03T04:43:22.627Z,,,,,,,
125,0346c20e5580a8d83b0372089bbfdd8d,pageview,2026-01-03T04:43:22.819Z,http://127.0.0.1:5500/plugin/example.html,/plugin/example.html,监控插件测试页面,127.0.0.1:5500,45.207.157.233,"Mozilla/5.0 (Macintosh; Intel Mac OS X 10_15_7) AppleWebKit/605.1.15 (KHTML, like Gecko) Version/26.1 Safari/605.1.15",zh-CN,MacIntel,1440,900,940,779,http://127.0.0.1:5500/plugin/example.html,"{""performance"":{""dnsTime"":0,""tcpTime"":0,""requestTime"":1,""responseTime"":0,""domReadyTime"":17,""loadTime"":-1767415402789,""redirectTime"":0,""type"":1}}",2026-01-03T04:43:27.893Z,,,,,,,
126,0346c20e5580a8d83b0372089bbfdd8d,pageview,2026-01-03T04:43:28.104Z,http://127.0.0.1:5500/plugin/example.html,/plugin/example.html,监控插件测试页面,127.0.0.1:5500,45.207.157.233,"Mozilla/5.0 (Macintosh; Intel Mac OS X 10_15_7) AppleWebKit/605.1.15 (KHTML, like Gecko) Version/26.1 Safari/605.1.15",zh-CN,MacIntel,1440,900,940,779,http://127.0.0.1:5500/plugin/example.html,"{""performance"":{""dnsTime"":0,""tcpTime"":0,""requestTime"":1,""responseTime"":0,""domReadyTime"":16,""loadTime"":-1767415408079,""redirectTime"":0,""type"":1}}",2026-01-03T04:43:30.125Z,,,,,,,
127,0346c20e5580a8d83b0372089bbfdd8d,pageview,2026-01-03T04:43:30.142Z,http://127.0.0.1:5500/plugin/example.html,/plugin/example.html,监控插件测试页面,127.0.0.1:5500,,"Mozilla/5.0 (Macintosh; Intel Mac OS X 10_15_7) AppleWebKit/605.1.15 (KHTML, like Gecko) Version/26.1 Safari/605.1.15",zh-CN,MacIntel,1440,900,940,779,http://127.0.0.1:5500/plugin/example.html,"{""performance"":{""dnsTime"":0,""tcpTime"":0,""requestTime"":5,""responseTime"":0,""domReadyTime"":18,""loadTime"":-1767415410111,""redirectTime"":0,""type"":1}}",2026-01-03T04:43:30.316Z,,,,,,,
128,0346c20e5580a8d83b0372089bbfdd8d,pageview,2026-01-03T04:43:30.325Z,http://127.0.0.1:5500/plugin/example.html,/plugin/example.html,监控插件测试页面,127.0.0.1:5500,,"Mozilla/5.0 (Macintosh; Intel Mac OS X 10_15_7) AppleWebKit/605.1.15 (KHTML, like Gecko) Version/26.1 Safari/605.1.15",zh-CN,MacIntel,1440,900,940,779,http://127.0.0.1:5500/plugin/example.html,"{""performance"":{""dnsTime"":0,""tcpTime"":0,""requestTime"":1,""responseTime"":0,""domReadyTime"":9,""loadTime"":-1767415410311,""redirectTime"":0,""type"":1}}",2026-01-03T04:43:30.524Z,,,,,,,
129,0346c20e5580a8d83b0372089bbfdd8d,pageview,2026-01-03T04:43:30.530Z,http://127.0.0.1:5500/plugin/example.html,/plugin/example.html,监控插件测试页面,127.0.0.1:5500,,"Mozilla/5.0 (Macintosh; Intel Mac OS X 10_15_7) AppleWebKit/605.1.15 (KHTML, like Gecko) Version/26.1 Safari/605.1.15",zh-CN,MacIntel,1440,900,940,779,http://127.0.0.1:5500/plugin/example.html,"{""performance"":{""dnsTime"":0,""tcpTime"":0,""requestTime"":1,""responseTime"":0,""domReadyTime"":8,""loadTime"":-1767415410518,""redirectTime"":0,""type"":1}}",2026-01-03T04:43:30.725Z,,,,,,,
130,0346c20e5580a8d83b0372089bbfdd8d,pageview,2026-01-03T04:43:30.737Z,http://127.0.0.1:5500/plugin/example.html,/plugin/example.html,监控插件测试页面,127.0.0.1:5500,,"Mozilla/5.0 (Macintosh; Intel Mac OS X 10_15_7) AppleWebKit/605.1.15 (KHTML, like Gecko) Version/26.1 Safari/605.1.15",zh-CN,MacIntel,1440,900,940,779,http://127.0.0.1:5500/plugin/example.html,"{""performance"":{""dnsTime"":0,""tcpTime"":0,""requestTime"":1,""responseTime"":0,""domReadyTime"":9,""loadTime"":-1767415410721,""redirectTime"":0,""type"":1}}",2026-01-03T04:43:30.930Z,,,,,,,
131,0346c20e5580a8d83b0372089bbfdd8d,pageview,2026-01-03T04:43:30.945Z,http://127.0.0.1:5500/plugin/example.html,/plugin/example.html,监控插件测试页面,127.0.0.1:5500,,"Mozilla/5.0 (Macintosh; Intel Mac OS X 10_15_7) AppleWebKit/605.1.15 (KHTML, like Gecko) Version/26.1 Safari/605.1.15",zh-CN,MacIntel,1440,900,940,779,http://127.0.0.1:5500/plugin/example.html,"{""performance"":{""dnsTime"":0,""tcpTime"":0,""requestTime"":1,""responseTime"":0,""domReadyTime"":10,""loadTime"":-1767415410924,""redirectTime"":0,""type"":1}}",2026-01-03T04:43:31.140Z,,,,,,,
132,0346c20e5580a8d83b0372089bbfdd8d,pageview,2026-01-03T04:43:31.145Z,http://127.0.0.1:5500/plugin/example.html,/plugin/example.html,监控插件测试页面,127.0.0.1:5500,,"Mozilla/5.0 (Macintosh; Intel Mac OS X 10_15_7) AppleWebKit/605.1.15 (KHTML, like Gecko) Version/26.1 Safari/605.1.15",zh-CN,MacIntel,1440,900,940,779,http://127.0.0.1:5500/plugin/example.html,"{""performance"":{""dnsTime"":0,""tcpTime"":0,""requestTime"":2,""responseTime"":0,""domReadyTime"":9,""loadTime"":-1767415411132,""redirectTime"":0,""type"":1}}",2026-01-03T04:43:31.338Z,,,,,,,
133,0346c20e5580a8d83b0372089bbfdd8d,pageview,2026-01-03T04:43:31.352Z,http://127.0.0.1:5500/plugin/example.html,/plugin/example.html,监控插件测试页面,127.0.0.1:5500,,"Mozilla/5.0 (Macintosh; Intel Mac OS X 10_15_7) AppleWebKit/605.1.15 (KHTML, like Gecko) Version/26.1 Safari/605.1.15",zh-CN,MacIntel,1440,900,940,779,http://127.0.0.1:5500/plugin/example.html,"{""performance"":{""dnsTime"":0,""tcpTime"":0,""requestTime"":1,""responseTime"":0,""domReadyTime"":13,""loadTime"":-1767415411332,""redirectTime"":0,""type"":1}}",2026-01-03T04:43:31.540Z,,,,,,,
134,0346c20e5580a8d83b0372089bbfdd8d,pageview,2026-01-03T04:43:31.552Z,http://127.0.0.1:5500/plugin/example.html,/plugin/example.html,监控插件测试页面,127.0.0.1:5500,,"Mozilla/5.0 (Macintosh; Intel Mac OS X 10_15_7) AppleWebKit/605.1.15 (KHTML, like Gecko) Version/26.1 Safari/605.1.15",zh-CN,MacIntel,1440,900,940,779,http://127.0.0.1:5500/plugin/example.html,"{""performance"":{""dnsTime"":0,""tcpTime"":0,""requestTime"":1,""responseTime"":0,""domReadyTime"":8,""loadTime"":-1767415411536,""redirectTime"":0,""type"":1}}",2026-01-03T04:43:31.743Z,,,,,,,
135,0346c20e5580a8d83b0372089bbfdd8d,pageview,2026-01-03T04:43:31.755Z,http://127.0.0.1:5500/plugin/example.html,/plugin/example.html,监控插件测试页面,127.0.0.1:5500,,"Mozilla/5.0 (Macintosh; Intel Mac OS X 10_15_7) AppleWebKit/605.1.15 (KHTML, like Gecko) Version/26.1 Safari/605.1.15",zh-CN,MacIntel,1440,900,940,779,http://127.0.0.1:5500/plugin/example.html,"{""performance"":{""dnsTime"":0,""tcpTime"":0,""requestTime"":1,""responseTime"":0,""domReadyTime"":9,""loadTime"":-1767415411738,""redirectTime"":0,""type"":1}}",2026-01-03T04:43:31.948Z,,,,,,,
136,0346c20e5580a8d83b0372089bbfdd8d,pageview,2026-01-03T04:43:31.957Z,http://127.0.0.1:5500/plugin/example.html,/plugin/example.html,监控插件测试页面,127.0.0.1:5500,,"Mozilla/5.0 (Macintosh; Intel Mac OS X 10_15_7) AppleWebKit/605.1.15 (KHTML, like Gecko) Version/26.1 Safari/605.1.15",zh-CN,MacIntel,1440,900,940,779,http://127.0.0.1:5500/plugin/example.html,"{""performance"":{""dnsTime"":0,""tcpTime"":0,""requestTime"":1,""responseTime"":0,""domReadyTime"":9,""loadTime"":-1767415411943,""redirectTime"":0,""type"":1}}",2026-01-03T04:43:32.152Z,,,,,,,
137,0346c20e5580a8d83b0372089bbfdd8d,pageview,2026-01-03T04:43:32.164Z,http://127.0.0.1:5500/plugin/example.html,/plugin/example.html,监控插件测试页面,127.0.0.1:5500,,"Mozilla/5.0 (Macintosh; Intel Mac OS X 10_15_7) AppleWebKit/605.1.15 (KHTML, like Gecko) Version/26.1 Safari/605.1.15",zh-CN,MacIntel,1440,900,940,779,http://127.0.0.1:5500/plugin/example.html,"{""performance"":{""dnsTime"":0,""tcpTime"":0,""requestTime"":1,""responseTime"":0,""domReadyTime"":9,""loadTime"":-1767415412145,""redirectTime"":0,""type"":1}}",2026-01-03T04:43:32.352Z,,,,,,,
138,0346c20e5580a8d83b0372089bbfdd8d,pageview,2026-01-03T04:43:32.362Z,http://127.0.0.1:5500/plugin/example.html,/plugin/example.html,监控插件测试页面,127.0.0.1:5500,,"Mozilla/5.0 (Macintosh; Intel Mac OS X 10_15_7) AppleWebKit/605.1.15 (KHTML, like Gecko) Version/26.1 Safari/605.1.15",zh-CN,MacIntel,1440,900,940,779,http://127.0.0.1:5500/plugin/example.html,"{""performance"":{""dnsTime"":0,""tcpTime"":0,""requestTime"":2,""responseTime"":0,""domReadyTime"":10,""loadTime"":-1767415412346,""redirectTime"":0,""type"":1}}",2026-01-03T04:43:32.435Z,,,,,,,